시간,발전량
2025-01-01 00:00,2.3660201963674075
2025-01-01 01:00,2.7142651335267063
2025-01-01 02:00,0.6105283639302879
2025-01-01 03:00,2.253143034818016
2025-01-01 04:00,1.2883120377894628
2025-01-01 05:00,0.41038627125503185
2025-01-01 06:00,0.16337097914060164
2025-01-01 07:00,2.053296702412528
2025-01-01 08:00,11.120317527763083
2025-01-01 09:00,24.974056784353603
2025-01-01 10:00,14.187288617454396
2025-01-01 11:00,5.9495318075513435
2025-01-01 12:00,4.0787518469427715
2025-01-01 13:00,5.569510839394377
2025-01-01 14:00,5.487817173287387
2025-01-01 15:00,2.724438377575837
2025-01-01 16:00,2.8817328341317014
2025-01-01 17:00,3.047479638053857
2025-01-01 18:00,7.122917639780156
2025-01-01 19:00,11.557154544975303
2025-01-01 20:00,8.923458952769137
2025-01-01 21:00,9.12181950040796
2025-01-01 22:00,11.019233138697517
2025-01-01 23:00,6.7812924725070385
2025-01-02 00:00,1.2980629022141945
2025-01-02 01:00,2.3488211603028395
2025-01-02 02:00,5.3808300461422425
2025-01-02 03:00,6.066042179358971
2025-01-02 04:00,5.34068415389627
2025-01-02 05:00,7.258175535683488
2025-01-02 06:00,5.773415680276419
2025-01-02 07:00,5.164869863678858
2025-01-02 08:00,3.868170830432456
2025-01-02 09:00,5.176382931602463
2025-01-02 10:00,2.4478043347171896
2025-01-02 11:00,2.98242815689436
2025-01-02 12:00,6.088809544219752
2025-01-02 13:00,10.610633870091249
2025-01-02 14:00,15.283018123922833
2025-01-02 15:00,20.419888705988253
2025-01-02 16:00,17.763169584966857
2025-01-02 17:00,12.415708551919614
2025-01-02 18:00,13.175894560984608
2025-01-02 19:00,24.7643843212715
2025-01-02 20:00,23.20805278224662
2025-01-02 21:00,19.15160409909586
2025-01-02 22:00,10.148515339203582
2025-01-02 23:00,9.737526984848204
2025-01-03 00:00,25.69536039436809
2025-01-03 01:00,21.120101187826798
2025-01-03 02:00,29.19927083295735
2025-01-03 03:00,15.930658167009444
2025-01-03 04:00,26.41201512726933
2025-01-03 05:00,20.055743504771524
2025-01-03 06:00,19.189768052316854
2025-01-03 07:00,9.399268193784147
2025-01-03 08:00,18.249522338002013
2025-01-03 09:00,17.128395182143368
2025-01-03 10:00,11.856121083601877
2025-01-03 11:00,11.35133170095028
2025-01-03 12:00,10.651468397016146
2025-01-03 13:00,3.1810857256927574
2025-01-03 14:00,0.556459518090931
2025-01-03 15:00,0.0
2025-01-03 16:00,0.34203808702886246
2025-01-03 17:00,8.547847303094104
2025-01-03 18:00,21.6657067681226
2025-01-03 19:00,0.6560118933672157
2025-01-03 20:00,27.673889628250308
2025-01-03 21:00,25.33362353959273
2025-01-03 22:00,21.038181668213003
2025-01-03 23:00,25.28582054544558
2025-01-04 00:00,11.687858076494356
2025-01-04 01:00,7.951846863623017
2025-01-04 02:00,10.379581362958293
2025-01-04 03:00,6.772011811701101
2025-01-04 04:00,12.60136918028042
2025-01-04 05:00,5.052620479218171
2025-01-04 06:00,4.244165057657759
2025-01-04 07:00,2.045076864385927
2025-01-04 08:00,1.7121560175778425
2025-01-04 09:00,0.0
2025-01-04 10:00,0.3256244170125094
2025-01-04 11:00,0.2069239269733994
2025-01-04 12:00,0.0
2025-01-04 13:00,0.32625629712927656
2025-01-04 14:00,0.9314771253845435
2025-01-04 15:00,2.453004860854632
2025-01-04 16:00,1.9847759100193494
2025-01-04 17:00,2.5872275466658357
2025-01-04 18:00,1.2042561882684129
2025-01-04 19:00,0.5311646340149897
2025-01-04 20:00,0.7815934899749517
2025-01-04 21:00,0.6396867577284722
2025-01-04 22:00,0.8534204314966741
2025-01-04 23:00,4.209163379161599
2025-01-05 00:00,0.18284453988727142
2025-01-05 01:00,2.4305958151777047
2025-01-05 02:00,4.141755387487296
2025-01-05 03:00,33.04712319694186
2025-01-05 04:00,36.33551263391353
2025-01-05 05:00,37.37854817257582
2025-01-05 06:00,36.26112526912074
2025-01-05 07:00,35.74880635314503
2025-01-05 08:00,38.92515580120429
2025-01-05 09:00,35.11410023010366
2025-01-05 10:00,41.94626352574612
2025-01-05 11:00,38.019301284795375
2025-01-05 12:00,43.22963175724824
2025-01-05 13:00,42.5115906281378
2025-01-05 14:00,49.33628307977691
2025-01-05 15:00,46.1428524098033
2025-01-05 16:00,30.10820921524017
2025-01-05 17:00,33.56057037742926
2025-01-05 18:00,28.49909673053534
2025-01-05 19:00,17.890169178911684
2025-01-05 20:00,4.908911002224122
2025-01-05 21:00,2.897479635227107
2025-01-05 22:00,3.335345963211052
2025-01-05 23:00,7.627791759473255
2025-01-06 00:00,45.213179088284775
2025-01-06 01:00,43.622980992976494
2025-01-06 02:00,43.701562495899154
2025-01-06 03:00,26.9135630623084
2025-01-06 04:00,20.679435012017514
2025-01-06 05:00,13.975346561662038
2025-01-06 06:00,12.116654929812738
2025-01-06 07:00,6.507655649521168
2025-01-06 08:00,7.208371562465191
2025-01-06 09:00,3.43619480533968
2025-01-06 10:00,8.563653616658083
2025-01-06 11:00,45.996879694884875
2025-01-06 12:00,52.83657074119788
2025-01-06 13:00,32.321487617199416
2025-01-06 14:00,44.80581417535967
2025-01-06 15:00,55.07568697173665
2025-01-06 16:00,51.529743747014436
2025-01-06 17:00,49.67241639427107
2025-01-06 18:00,52.77366953571455
2025-01-06 19:00,56.81603869252219
2025-01-06 20:00,45.29954934630337
2025-01-06 21:00,54.7394010320204
2025-01-06 22:00,55.39775943353592
2025-01-06 23:00,59.543533092250364
2025-01-07 00:00,54.01303003608374
2025-01-07 01:00,54.31263229630794
2025-01-07 02:00,51.037543105354025
2025-01-07 03:00,45.889765800599605
2025-01-07 04:00,30.54435705638524
2025-01-07 05:00,27.63215308931064
2025-01-07 06:00,17.35774566367345
2025-01-07 07:00,14.02009354190351
2025-01-07 08:00,3.7470441292347747
2025-01-07 09:00,6.156824001922069
2025-01-07 10:00,8.33316391753913
2025-01-07 11:00,12.675809202088299
2025-01-07 12:00,41.37476081245807
2025-01-07 13:00,27.64009394561671
2025-01-07 14:00,54.9557301902943
2025-01-07 15:00,40.54308982126725
2025-01-07 16:00,34.680889471161905
2025-01-07 17:00,40.835713594135136
2025-01-07 18:00,41.20179097938142
2025-01-07 19:00,46.344368184739444
2025-01-07 20:00,32.563194760421084
2025-01-07 21:00,22.828149747226416
2025-01-07 22:00,42.87767728217921
2025-01-07 23:00,33.766832289093614
2025-01-08 00:00,37.063089734255
2025-01-08 01:00,28.395592571510647
2025-01-08 02:00,26.652156070426905
2025-01-08 03:00,20.012126496218794
2025-01-08 04:00,32.41671648168389
2025-01-08 05:00,27.126200978334257
2025-01-08 06:00,8.335288815811838
2025-01-08 07:00,14.33281625203567
2025-01-08 08:00,11.945925029777179
2025-01-08 09:00,16.744480477221163
2025-01-08 10:00,21.48368687779278
2025-01-08 11:00,26.504185155722407
2025-01-08 12:00,22.920805217303624
2025-01-08 13:00,21.870126035640627
2025-01-08 14:00,30.042405091305337
2025-01-08 15:00,22.24028158043232
2025-01-08 16:00,46.20153727582055
2025-01-08 17:00,46.37880053584787
2025-01-08 18:00,43.41519999701742
2025-01-08 19:00,56.11863061835362
2025-01-08 20:00,57.87200496522968
2025-01-08 21:00,56.17376627536288
2025-01-08 22:00,58.0243196975872
2025-01-08 23:00,57.62281161701978
2025-01-09 00:00,61.3197252279216
2025-01-09 01:00,59.290294844398964
2025-01-09 02:00,53.81813780678009
2025-01-09 03:00,55.64300331518488
2025-01-09 04:00,56.86000722113498
2025-01-09 05:00,60.76483912393164
2025-01-09 06:00,56.99515665036054
2025-01-09 07:00,56.641413217146344
2025-01-09 08:00,56.703579615718915
2025-01-09 09:00,58.520721613210405
2025-01-09 10:00,56.088466098497726
2025-01-09 11:00,56.62953895136826
2025-01-09 12:00,55.8166863714813
2025-01-09 13:00,52.91327773676865
2025-01-09 14:00,52.521329567528525
2025-01-09 15:00,54.75664446610354
2025-01-09 16:00,51.18360358301856
2025-01-09 17:00,57.08945083620818
2025-01-09 18:00,54.797309305806294
2025-01-09 19:00,57.024896204569345
2025-01-09 20:00,45.496501938038136
2025-01-09 21:00,50.591083035921905
2025-01-09 22:00,52.26206836764635
2025-01-09 23:00,41.19778454576759
2025-01-10 00:00,30.813695961408374
2025-01-10 01:00,5.486396668043195
2025-01-10 02:00,3.46493846573386
2025-01-10 03:00,8.10576898606754
2025-01-10 04:00,2.756221707581557
2025-01-10 05:00,2.6144114141215242
2025-01-10 06:00,3.781969169493571
2025-01-10 07:00,3.297892730787571
2025-01-10 08:00,2.217865952939092
2025-01-10 09:00,3.410468894106665
2025-01-10 10:00,1.95263074662387
2025-01-10 11:00,1.540458898536102
2025-01-10 12:00,1.4427057231872795
2025-01-10 13:00,3.261571290419088
2025-01-10 14:00,6.229406268350215
2025-01-10 15:00,1.990154214126109
2025-01-10 16:00,4.495491065242472
2025-01-10 17:00,2.3364615553981762
2025-01-10 18:00,2.7050844853934115
2025-01-10 19:00,6.778244673599314
2025-01-10 20:00,7.860789663147476
2025-01-10 21:00,15.3502801883951
2025-01-10 22:00,12.031467359070788
2025-01-10 23:00,8.23061339529156
2025-01-11 00:00,3.8396136852258413
2025-01-11 01:00,2.528992249907132
2025-01-11 02:00,3.033971460505855
2025-01-11 03:00,5.393811024522771
2025-01-11 04:00,3.9432348524676812
2025-01-11 05:00,3.396246432194106
2025-01-11 06:00,3.1311493400806287
2025-01-11 07:00,2.754657263486233
2025-01-11 08:00,4.702676942703075
2025-01-11 09:00,1.7629614070683235
2025-01-11 10:00,1.875653740130553
2025-01-11 11:00,2.6377529981606385
2025-01-11 12:00,1.4507132910017975
2025-01-11 13:00,1.3106778462355353
2025-01-11 14:00,1.3266559021612345
2025-01-11 15:00,1.3930835609500392
2025-01-11 16:00,0.6852007219222428
2025-01-11 17:00,0.28662967761238367
2025-01-11 18:00,1.8455770479720752
2025-01-11 19:00,2.8913822219663188
2025-01-11 20:00,2.258519140836596
2025-01-11 21:00,5.2811722301144
2025-01-11 22:00,5.650346281831294
2025-01-11 23:00,3.7066398400797866
2025-01-12 00:00,2.9534221392992466
2025-01-12 01:00,4.503753799495859
2025-01-12 02:00,4.702778651875496
2025-01-12 03:00,5.034781800097594
2025-01-12 04:00,4.371294209089134
2025-01-12 05:00,4.952486218127126
2025-01-12 06:00,2.9307607912951257
2025-01-12 07:00,3.578486074436032
2025-01-12 08:00,2.4588712431812207
2025-01-12 09:00,2.959000741844813
2025-01-12 10:00,2.3241379129020023
2025-01-12 11:00,1.5108418140176356
2025-01-12 12:00,1.7963899890185049
2025-01-12 13:00,1.1720310198185433
2025-01-12 14:00,2.77900528076585
2025-01-12 15:00,1.9250805909377502
2025-01-12 16:00,1.5982100253458646
2025-01-12 17:00,1.383764817148535
2025-01-12 18:00,5.942129258359345
2025-01-12 19:00,7.5399519271616064
2025-01-12 20:00,5.577571603570163
2025-01-12 21:00,4.765712176293446
2025-01-12 22:00,8.750163830129344
2025-01-12 23:00,8.943614340224329
2025-01-13 00:00,12.882845786641383
2025-01-13 01:00,3.8374939472728706
2025-01-13 02:00,4.038255940701337
2025-01-13 03:00,5.286098686765239
2025-01-13 04:00,4.443698157246984
2025-01-13 05:00,2.704508556777728
2025-01-13 06:00,2.5446967777157155
2025-01-13 07:00,0.06571626420375018
2025-01-13 08:00,0.8760335014930072
2025-01-13 09:00,3.5624588894441196
2025-01-13 10:00,0.7024475916094622
2025-01-13 11:00,3.1024231576845827
2025-01-13 12:00,19.052630194174903
2025-01-13 13:00,14.562154979760093
2025-01-13 14:00,16.714623275436743
2025-01-13 15:00,14.760138679732332
2025-01-13 16:00,14.735277313599664
2025-01-13 17:00,25.100742377234877
2025-01-13 18:00,27.202664821133034
2025-01-13 19:00,28.1338450571902
2025-01-13 20:00,36.471836176775426
2025-01-13 21:00,40.11706273023253
2025-01-13 22:00,41.819764248891474
2025-01-13 23:00,40.392814211516004
2025-01-14 00:00,43.20287222947322
2025-01-14 01:00,32.632323487294514
2025-01-14 02:00,45.73121987354867
2025-01-14 03:00,40.67898575990226
2025-01-14 04:00,37.67044639317441
2025-01-14 05:00,34.877895684251435
2025-01-14 06:00,37.72520628885912
2025-01-14 07:00,39.21486373145362
2025-01-14 08:00,38.67622519739373
2025-01-14 09:00,31.964871513014778
2025-01-14 10:00,29.105685526256504
2025-01-14 11:00,16.13531626805587
2025-01-14 12:00,5.326847734071397
2025-01-14 13:00,13.533619941155628
2025-01-14 14:00,17.522194672173235
2025-01-14 15:00,23.566535668299714
2025-01-14 16:00,30.04916280580033
2025-01-14 17:00,18.296091749976156
2025-01-14 18:00,13.255877582312053
2025-01-14 19:00,17.95067334871454
2025-01-14 20:00,23.989536003908416
2025-01-14 21:00,46.5642829234576
2025-01-14 22:00,47.818099400586355
2025-01-14 23:00,49.638023513596956
2025-01-15 00:00,30.39654336638054
2025-01-15 01:00,46.906199659580395
2025-01-15 02:00,45.344805699108456
2025-01-15 03:00,29.2303647648307
2025-01-15 04:00,51.23625000663003
2025-01-15 05:00,49.06566908746459
2025-01-15 06:00,48.949110068661
2025-01-15 07:00,37.96828811328934
2025-01-15 08:00,39.38986739142673
2025-01-15 09:00,53.537608337262256
2025-01-15 10:00,53.240723430617585
2025-01-15 11:00,48.125990317096175
2025-01-15 12:00,42.53580180563957
2025-01-15 13:00,39.81703329990715
2025-01-15 14:00,40.3668504479457
2025-01-15 15:00,41.521074019513236
2025-01-15 16:00,35.87375535121265
2025-01-15 17:00,35.91146002907494
2025-01-15 18:00,42.423023658687775
2025-01-15 19:00,48.725496925958396
2025-01-15 20:00,44.49861396924837
2025-01-15 21:00,41.881373174965674
2025-01-15 22:00,21.84380185763961
2025-01-15 23:00,7.0517658169291435
2025-01-16 00:00,5.054779937701299
2025-01-16 01:00,5.87496188650837
2025-01-16 02:00,2.8709602963323864
2025-01-16 03:00,6.400705266410691
2025-01-16 04:00,10.173983490238804
2025-01-16 05:00,12.840334613095216
2025-01-16 06:00,9.489923153529993
2025-01-16 07:00,9.866115292977067
2025-01-16 08:00,15.991778569224007
2025-01-16 09:00,4.498039629323465
2025-01-16 10:00,6.675874765904483
2025-01-16 11:00,9.472920978096235
2025-01-16 12:00,31.00025933350979
2025-01-16 13:00,31.698393023964357
2025-01-16 14:00,27.777506856761672
2025-01-16 15:00,31.58642281531928
2025-01-16 16:00,24.07418185996196
2025-01-16 17:00,3.5339143558542254
2025-01-16 18:00,2.844943585839394
2025-01-16 19:00,3.58032519090434
2025-01-16 20:00,4.154546370275277
2025-01-16 21:00,9.421289062777339
2025-01-16 22:00,6.951545919927804
2025-01-16 23:00,4.759886937212255
2025-01-17 00:00,2.190542302955098
2025-01-17 01:00,15.820809421476534
2025-01-17 02:00,29.38294475987102
2025-01-17 03:00,24.199039768183827
2025-01-17 04:00,27.865660985718108
2025-01-17 05:00,6.406803272556448
2025-01-17 06:00,5.010227306921095
2025-01-17 07:00,4.796847618974583
2025-01-17 08:00,5.642604786161695
2025-01-17 09:00,1.890935529587397
2025-01-17 10:00,0.16843945349433576
2025-01-17 11:00,0.0
2025-01-17 12:00,2.190892874013972
2025-01-17 13:00,7.948792897708537
2025-01-17 14:00,9.805134116704847
2025-01-17 15:00,23.68496274438253
2025-01-17 16:00,17.49306056919162
2025-01-17 17:00,10.236678055549397
2025-01-17 18:00,11.359857462360587
2025-01-17 19:00,13.848926381812598
2025-01-17 20:00,14.694517420975204
2025-01-17 21:00,11.267826363716292
2025-01-17 22:00,15.642750180818458
2025-01-17 23:00,12.216225134491303
2025-01-18 00:00,2.4731846753210616
2025-01-18 01:00,1.7176488212759982
2025-01-18 02:00,3.4385071722683955
2025-01-18 03:00,8.497118680241867
2025-01-18 04:00,9.235937751895449
2025-01-18 05:00,4.2660368885430175
2025-01-18 06:00,7.752614608623872
2025-01-18 07:00,7.5091552494278035
2025-01-18 08:00,4.552923808340585
2025-01-18 09:00,3.736785079733392
2025-01-18 10:00,1.7612042190664123
2025-01-18 11:00,3.3144835202956373
2025-01-18 12:00,2.1932722744276734
2025-01-18 13:00,2.5105039914311216
2025-01-18 14:00,1.8642577741202007
2025-01-18 15:00,1.6547735036434312
2025-01-18 16:00,2.708219224240999
2025-01-18 17:00,2.749216354480815
2025-01-18 18:00,3.348564324099556
2025-01-18 19:00,3.782772275613444
2025-01-18 20:00,3.8816708591327966
2025-01-18 21:00,2.771874123633059
2025-01-18 22:00,3.2569159898350923
2025-01-18 23:00,3.38865123952783
2025-01-19 00:00,1.9572382740562944
2025-01-19 01:00,2.948411081798991
2025-01-19 02:00,4.914558111868936
2025-01-19 03:00,3.855916765142059
2025-01-19 04:00,2.893344019628524
2025-01-19 05:00,3.270142062349614
2025-01-19 06:00,2.26025723882438
2025-01-19 07:00,2.109011678329009
2025-01-19 08:00,2.8987743324444692
2025-01-19 09:00,0.17707643885186
2025-01-19 10:00,0.05864265311697353
2025-01-19 11:00,10.818043121984733
2025-01-19 12:00,4.509182978358519
2025-01-19 13:00,5.561372931388503
2025-01-19 14:00,1.782022155664233
2025-01-19 15:00,1.840532402483934
2025-01-19 16:00,2.811495311756538
2025-01-19 17:00,4.950028036300661
2025-01-19 18:00,0.8379288421941457
2025-01-19 19:00,3.36439501387653
2025-01-19 20:00,6.4497059895492015
2025-01-19 21:00,6.7715507762500735
2025-01-19 22:00,6.677707691720964
2025-01-19 23:00,7.717843411318912
2025-01-20 00:00,10.95937302080748
2025-01-20 01:00,12.702055838439467
2025-01-20 02:00,11.343317525222773
2025-01-20 03:00,13.561534228350073
2025-01-20 04:00,6.427831898702231
2025-01-20 05:00,7.6816902253337265
2025-01-20 06:00,7.728579290513391
2025-01-20 07:00,10.97654626541263
2025-01-20 08:00,10.760393693707803
2025-01-20 09:00,8.984696868432751
2025-01-20 10:00,6.797125811032323
2025-01-20 11:00,3.511828716752234
2025-01-20 12:00,2.779804974870924
2025-01-20 13:00,3.296653916015675
2025-01-20 14:00,1.9844392826106705
2025-01-20 15:00,2.284983691328466
2025-01-20 16:00,3.6534561639508563
2025-01-20 17:00,3.937841291471188
2025-01-20 18:00,4.182597365871822
2025-01-20 19:00,8.391193442793286
2025-01-20 20:00,9.874047216332386
2025-01-20 21:00,9.878415292049395
2025-01-20 22:00,8.038289863555336
2025-01-20 23:00,4.645888563784051
2025-01-21 00:00,3.6608022184640956
2025-01-21 01:00,2.047871303451674
2025-01-21 02:00,1.7316351248371553
2025-01-21 03:00,1.7521007691857933
2025-01-21 04:00,2.630825770434401
2025-01-21 05:00,1.4364756608510572
2025-01-21 06:00,3.2160143856024876
2025-01-21 07:00,4.983490278037008
2025-01-21 08:00,9.945614540958774
2025-01-21 09:00,1.2882286457892647
2025-01-21 10:00,1.6866920672745858
2025-01-21 11:00,0.473835751326456
2025-01-21 12:00,0.6446491236658105
2025-01-21 13:00,3.524132146985386
2025-01-21 14:00,3.271094983553873
2025-01-21 15:00,3.0438720630199283
2025-01-21 16:00,1.852999724432206
2025-01-21 17:00,2.3649732815796782
2025-01-21 18:00,2.662299270350501
2025-01-21 19:00,1.5380244089699513
2025-01-21 20:00,0.8817930322474695
2025-01-21 21:00,0.36983661792042727
2025-01-21 22:00,0.18904961422102404
2025-01-21 23:00,0.0
2025-01-22 00:00,1.2161368040323988
2025-01-22 01:00,1.5099799796093996
2025-01-22 02:00,1.3709069639103488
2025-01-22 03:00,0.4927858870846533
2025-01-22 04:00,3.934917777837148
2025-01-22 05:00,1.9353072861122407
2025-01-22 06:00,1.070036928578282
2025-01-22 07:00,1.7436892817669596
2025-01-22 08:00,3.058696902003915
2025-01-22 09:00,0.49695170942390327
2025-01-22 10:00,1.2602642431866924
2025-01-22 11:00,5.1636862448819825
2025-01-22 12:00,5.868259534197737
2025-01-22 13:00,5.788729932775079
2025-01-22 14:00,6.821285388629914
2025-01-22 15:00,6.938810485497252
2025-01-22 16:00,5.867563332916979
2025-01-22 17:00,4.498767391083166
2025-01-22 18:00,3.993829336383999
2025-01-22 19:00,2.334136873755036
2025-01-22 20:00,4.397707125502812
2025-01-22 21:00,2.781973665344773
2025-01-22 22:00,2.358898936730355
2025-01-22 23:00,4.870100164779803
2025-01-23 00:00,2.797961674021177
2025-01-23 01:00,3.6972052344893713
2025-01-23 02:00,5.202902325906835
2025-01-23 03:00,6.248531853072195
2025-01-23 04:00,5.3893719199071715
2025-01-23 05:00,4.248018933539765
2025-01-23 06:00,2.5612154120865043
2025-01-23 07:00,1.186411343506092
2025-01-23 08:00,1.1482789280416488
2025-01-23 09:00,0.0
2025-01-23 10:00,1.6563711274798305
2025-01-23 11:00,2.279091778362622
2025-01-23 12:00,3.1590226150086154
2025-01-23 13:00,4.730382794616262
2025-01-23 14:00,6.8227032515466215
2025-01-23 15:00,6.371030257243389
2025-01-23 16:00,5.851330583858213
2025-01-23 17:00,9.84402101168262
2025-01-23 18:00,5.640909773654455
2025-01-23 19:00,13.092603460091716
2025-01-23 20:00,9.826695838730844
2025-01-23 21:00,13.329965766815038
2025-01-23 22:00,13.68598510458196
2025-01-23 23:00,12.016597127015084
2025-01-24 00:00,13.38018132050375
2025-01-24 01:00,8.340492768014869
2025-01-24 02:00,2.4570746969603428
2025-01-24 03:00,4.490010299126305
2025-01-24 04:00,5.712179105490217
2025-01-24 05:00,12.093797412055967
2025-01-24 06:00,9.006155496443277
2025-01-24 07:00,5.363580237378318
2025-01-24 08:00,7.405308244738459
2025-01-24 09:00,5.59401039627095
2025-01-24 10:00,4.714773782733524
2025-01-24 11:00,6.332057007184678
2025-01-24 12:00,15.166475192427303
2025-01-24 13:00,17.86196278916307
2025-01-24 14:00,19.4590022200187
2025-01-24 15:00,10.231572260492454
2025-01-24 16:00,13.795999389902786
2025-01-24 17:00,20.9403374690311
2025-01-24 18:00,19.95736004640824
2025-01-24 19:00,17.62340746231188
2025-01-24 20:00,16.39057868873189
2025-01-24 21:00,14.262146472634445
2025-01-24 22:00,15.084450123194326
2025-01-24 23:00,10.158507648621029
2025-01-25 00:00,13.673424194040864
2025-01-25 01:00,12.835071342671682
2025-01-25 02:00,11.925174893740316
2025-01-25 03:00,6.331024813185814
2025-01-25 04:00,3.7174354875357416
2025-01-25 05:00,2.645090799368139
2025-01-25 06:00,5.930888077138049
2025-01-25 07:00,6.63151465525413
2025-01-25 08:00,5.144301706638694
2025-01-25 09:00,8.57172788862968
2025-01-25 10:00,10.846560781486232
2025-01-25 11:00,8.9350791625482
2025-01-25 12:00,11.301122665201978
2025-01-25 13:00,8.877705477434555
2025-01-25 14:00,6.08574756058754
2025-01-25 15:00,5.874328103361363
2025-01-25 16:00,20.039658392345242
2025-01-25 17:00,13.477311501060937
2025-01-25 18:00,12.164180960660508
2025-01-25 19:00,5.402484759199327
2025-01-25 20:00,6.218868185373882
2025-01-25 21:00,4.8550544274308844
2025-01-25 22:00,6.635104491318168
2025-01-25 23:00,6.240254421232385
2025-01-26 00:00,8.521550980958589
2025-01-26 01:00,4.374205625071631
2025-01-26 02:00,7.99154853017238
2025-01-26 03:00,8.945267852966898
2025-01-26 04:00,10.794800150316153
2025-01-26 05:00,6.133886966611054
2025-01-26 06:00,9.588230290134167
2025-01-26 07:00,6.758098454744113
2025-01-26 08:00,5.2436080399582705
2025-01-26 09:00,5.838994902890033
2025-01-26 10:00,4.6533409200080245
2025-01-26 11:00,0.0
2025-01-26 12:00,2.3519489934328583
2025-01-26 13:00,2.5983659263389534
2025-01-26 14:00,1.3718047002318128
2025-01-26 15:00,2.7165814098937804
2025-01-26 16:00,2.932434760694269
2025-01-26 17:00,1.9601350436903178
2025-01-26 18:00,3.3603646657014803
2025-01-26 19:00,3.846106821368913
2025-01-26 20:00,1.5453642539127812
2025-01-26 21:00,1.229775498230268
2025-01-26 22:00,2.008745715357077
2025-01-26 23:00,7.855905646666645
2025-01-27 00:00,10.287066059545687
2025-01-27 01:00,7.7711569911314
2025-01-27 02:00,7.276238392962116
2025-01-27 03:00,6.363065157649483
2025-01-27 04:00,10.589223319293941
2025-01-27 05:00,20.0561126017804
2025-01-27 06:00,33.48901876300345
2025-01-27 07:00,32.43497465780335
2025-01-27 08:00,38.57986127617442
2025-01-27 09:00,22.27763413391054
2025-01-27 10:00,47.07025363677603
2025-01-27 11:00,28.578845086451587
2025-01-27 12:00,38.59814497566235
2025-01-27 13:00,37.33613532906015
2025-01-27 14:00,36.20169272547443
2025-01-27 15:00,37.59460190545506
2025-01-27 16:00,51.75613637270839
2025-01-27 17:00,45.237815135155195
2025-01-27 18:00,35.53294766632794
2025-01-27 19:00,43.752261234308236
2025-01-27 20:00,38.18033255665874
2025-01-27 21:00,50.84735896202097
2025-01-27 22:00,45.51131976329903
2025-01-27 23:00,43.842129186825595
2025-01-28 00:00,47.83198350584855
2025-01-28 01:00,42.84043212133211
2025-01-28 02:00,46.46004903620595
2025-01-28 03:00,48.243246567917424
2025-01-28 04:00,48.49532835703358
2025-01-28 05:00,47.308282754352824
2025-01-28 06:00,47.57474090194233
2025-01-28 07:00,47.54195388882246
2025-01-28 08:00,48.231726798446346
2025-01-28 09:00,46.413576469509486
2025-01-28 10:00,48.04488188153692
2025-01-28 11:00,48.13679806595837
2025-01-28 12:00,47.24562752824308
2025-01-28 13:00,50.8116664616593
2025-01-28 14:00,45.283988928936466
2025-01-28 15:00,52.239353330384844
2025-01-28 16:00,50.550180885161886
2025-01-28 17:00,41.92323181409678
2025-01-28 18:00,44.245360355645126
2025-01-28 19:00,39.95194083649774
2025-01-28 20:00,39.168408577410304
2025-01-28 21:00,46.63141536440271
2025-01-28 22:00,45.03011245927859
2025-01-28 23:00,41.510164249277864
2025-01-29 00:00,52.64119083618032
2025-01-29 01:00,48.317500460891196
2025-01-29 02:00,38.689872090842705
2025-01-29 03:00,44.467580580808075
2025-01-29 04:00,50.855928768196
2025-01-29 05:00,46.26668511016393
2025-01-29 06:00,42.34856159458345
2025-01-29 07:00,39.27848467710684
2025-01-29 08:00,51.801822827325196
2025-01-29 09:00,40.93739038279575
2025-01-29 10:00,38.4143587035784
2025-01-29 11:00,29.87595695056549
2025-01-29 12:00,35.37568967710349
2025-01-29 13:00,34.97669494344917
2025-01-29 14:00,33.27343337615766
2025-01-29 15:00,38.793794408278636
2025-01-29 16:00,42.870740043291086
2025-01-29 17:00,43.4168857332877
2025-01-29 18:00,40.23330602660753
2025-01-29 19:00,43.60353356963084
2025-01-29 20:00,56.22217404251092
2025-01-29 21:00,34.94900545676165
2025-01-29 22:00,22.57285729451402
2025-01-29 23:00,26.374970893740468
2025-01-30 00:00,9.351677159541579
2025-01-30 01:00,15.146405204944276
2025-01-30 02:00,3.1190699258455594
2025-01-30 03:00,5.7335593135281355
2025-01-30 04:00,1.3702475748212637
2025-01-30 05:00,1.5082505618515216
2025-01-30 06:00,1.4836476786841226
2025-01-30 07:00,1.9054546707353848
2025-01-30 08:00,1.8117870722439702
2025-01-30 09:00,6.646422692850601
2025-01-30 10:00,7.523646898256562
2025-01-30 11:00,3.2683846672071106
2025-01-30 12:00,1.8670028837429284
2025-01-30 13:00,3.7957491334476496
2025-01-30 14:00,1.4174668542916307
2025-01-30 15:00,0.4952328631210981
2025-01-30 16:00,0.8704344532947994
2025-01-30 17:00,1.6790279872421559
2025-01-30 18:00,3.234958699105154
2025-01-30 19:00,2.6371501836440334
2025-01-30 20:00,1.3409889200509657
2025-01-30 21:00,2.2549966588009687
2025-01-30 22:00,3.670466879077694
2025-01-30 23:00,8.590517186920186
2025-01-31 00:00,0.699452065899956
2025-01-31 01:00,6.504411758826744
2025-01-31 02:00,0.7693175396892896
2025-01-31 03:00,3.085979650139879
2025-01-31 04:00,1.4461721379899306
2025-01-31 05:00,4.14467454416112
2025-01-31 06:00,3.906597149030092
2025-01-31 07:00,1.7748960250408048
2025-01-31 08:00,0.899114063460513
2025-01-31 09:00,0.22358731875631366
2025-01-31 10:00,0.31078987493460325
2025-01-31 11:00,3.2265011777315387
2025-01-31 12:00,10.38109382546397
2025-01-31 13:00,24.11781533456178
2025-01-31 14:00,12.320782053413792
2025-01-31 15:00,5.833508717853517
2025-01-31 16:00,1.0371273433578927
2025-01-31 17:00,1.8136305494956253
2025-01-31 18:00,4.934361213070618
2025-01-31 19:00,5.157184127933222
2025-01-31 20:00,4.6554113275636055
2025-01-31 21:00,3.018593903498392
2025-01-31 22:00,2.540932204581528
2025-01-31 23:00,3.5288715064079414
2025-02-01 00:00,8.317724811980042
2025-02-01 01:00,8.406810241066207
2025-02-01 02:00,6.248535253783322
2025-02-01 03:00,4.650068370469939
2025-02-01 04:00,4.396582841690023
2025-02-01 05:00,8.918433666474956
2025-02-01 06:00,8.385568863084796
2025-02-01 07:00,6.105777417635274
2025-02-01 08:00,10.553585730180771
2025-02-01 09:00,7.331782361074186
2025-02-01 10:00,7.684393503789446
2025-02-01 11:00,8.971287057409896
2025-02-01 12:00,6.821438241500961
2025-02-01 13:00,7.986364235831829
2025-02-01 14:00,12.35474651635982
2025-02-01 15:00,11.688336737415659
2025-02-01 16:00,11.643358051874907
2025-02-01 17:00,7.718561844610557
2025-02-01 18:00,6.000137466661405
2025-02-01 19:00,9.19782268234053
2025-02-01 20:00,15.050610392312088
2025-02-01 21:00,20.618462572406862
2025-02-01 22:00,22.0030407632565
2025-02-01 23:00,18.059048224663893
2025-02-02 00:00,7.060065185714715
2025-02-02 01:00,4.6302359924429455
2025-02-02 02:00,3.7320409812432223
2025-02-02 03:00,2.4757227492225145
2025-02-02 04:00,1.4387940682423057
2025-02-02 05:00,3.4785297994572253
2025-02-02 06:00,3.055655353798645
2025-02-02 07:00,8.769356198159223
2025-02-02 08:00,4.570718934571921
2025-02-02 09:00,0.3333145750803452
2025-02-02 10:00,4.356087716385347
2025-02-02 11:00,3.159831847825821
2025-02-02 12:00,2.246812964344042
2025-02-02 13:00,4.082209984071534
2025-02-02 14:00,3.075861948637948
2025-02-02 15:00,6.671740868407767
2025-02-02 16:00,14.049046517539589
2025-02-02 17:00,22.36168683142126
2025-02-02 18:00,19.185575984948507
2025-02-02 19:00,27.614387991453576
2025-02-02 20:00,26.107848475204293
2025-02-02 21:00,23.563960659226318
2025-02-02 22:00,16.782271120472192
2025-02-02 23:00,23.60159873298961
2025-02-03 00:00,13.53618566969984
2025-02-03 01:00,21.614967418783586
2025-02-03 02:00,32.14071565923232
2025-02-03 03:00,43.91675686669601
2025-02-03 04:00,51.229227806686254
2025-02-03 05:00,57.94319761230226
2025-02-03 06:00,53.62420977242813
2025-02-03 07:00,56.56250416245861
2025-02-03 08:00,57.39979294473985
2025-02-03 09:00,51.120987628383766
2025-02-03 10:00,48.54826666051614
2025-02-03 11:00,49.626267806608176
2025-02-03 12:00,49.34248483268761
2025-02-03 13:00,47.82095815853594
2025-02-03 14:00,48.75691982098264
2025-02-03 15:00,50.24652280141769
2025-02-03 16:00,48.77327173624696
2025-02-03 17:00,53.75906124322714
2025-02-03 18:00,55.965898604488146
2025-02-03 19:00,55.40958612614958
2025-02-03 20:00,57.990134127398704
2025-02-03 21:00,56.67773956501003
2025-02-03 22:00,59.05101426560032
2025-02-03 23:00,56.32389032100996
2025-02-04 00:00,58.93798277164736
2025-02-04 01:00,58.47710895359375
2025-02-04 02:00,56.25090788556136
2025-02-04 03:00,55.862760436691495
2025-02-04 04:00,51.81262440718191
2025-02-04 05:00,54.47992285448713
2025-02-04 06:00,56.712016881374296
2025-02-04 07:00,54.11230143258216
2025-02-04 08:00,53.8619103565987
2025-02-04 09:00,56.6511014913545
2025-02-04 10:00,57.60273006488919
2025-02-04 11:00,56.71085451853077
2025-02-04 12:00,58.3230386376722
2025-02-04 13:00,60.50287293915311
2025-02-04 14:00,59.37233638906753
2025-02-04 15:00,58.376248846595104
2025-02-04 16:00,62.222757189320326
2025-02-04 17:00,62.99187786999584
2025-02-04 18:00,58.936105369278806
2025-02-04 19:00,56.462185399338104
2025-02-04 20:00,59.05658220952641
2025-02-04 21:00,58.60823963429053
2025-02-04 22:00,45.8923969090642
2025-02-04 23:00,42.89635596968875
2025-02-05 00:00,50.650311899995586
2025-02-05 01:00,47.9904276818013
2025-02-05 02:00,60.59410759291422
2025-02-05 03:00,42.41625435295275
2025-02-05 04:00,55.79140523909061
2025-02-05 05:00,46.05556329618995
2025-02-05 06:00,27.94969299295927
2025-02-05 07:00,34.71704403183524
2025-02-05 08:00,30.585474243430763
2025-02-05 09:00,24.014086727804887
2025-02-05 10:00,19.279315705794552
2025-02-05 11:00,11.293001899044883
2025-02-05 12:00,22.465242914436875
2025-02-05 13:00,21.76131606693767
2025-02-05 14:00,35.534556538972474
2025-02-05 15:00,45.98908682705847
2025-02-05 16:00,32.19955875870204
2025-02-05 17:00,54.22186117606028
2025-02-05 18:00,58.67510723937684
2025-02-05 19:00,60.461769681060886
2025-02-05 20:00,56.451593793964626
2025-02-05 21:00,48.063944893044564
2025-02-05 22:00,53.36903771311017
2025-02-05 23:00,43.27815364075338
2025-02-06 00:00,48.31312532069242
2025-02-06 01:00,40.20102677403496
2025-02-06 02:00,43.9267585941491
2025-02-06 03:00,25.598316667485857
2025-02-06 04:00,13.369047047430236
2025-02-06 05:00,17.146192244795007
2025-02-06 06:00,17.46082819936277
2025-02-06 07:00,9.3684323447823
2025-02-06 08:00,3.74742823576695
2025-02-06 09:00,6.600088763885958
2025-02-06 10:00,10.208813299158619
2025-02-06 11:00,8.978848428846508
2025-02-06 12:00,15.568121195290102
2025-02-06 13:00,11.66599874758696
2025-02-06 14:00,32.9551737884216
2025-02-06 15:00,45.33897692627445
2025-02-06 16:00,39.64212213823322
2025-02-06 17:00,19.43584476759657
2025-02-06 18:00,33.294396996942965
2025-02-06 19:00,48.971221242674005
2025-02-06 20:00,40.95935095486356
2025-02-06 21:00,36.618530510826645
2025-02-06 22:00,41.77644400662183
2025-02-06 23:00,58.16924987662009
2025-02-07 00:00,20.750728809180323
2025-02-07 01:00,5.157797798076073
2025-02-07 02:00,6.292960965379466
2025-02-07 03:00,21.02995153126991
2025-02-07 04:00,19.99222736600449
2025-02-07 05:00,20.041056621002006
2025-02-07 06:00,32.40625266374832
2025-02-07 07:00,18.84538003236044
2025-02-07 08:00,55.222992717015906
2025-02-07 09:00,53.278852582218356
2025-02-07 10:00,55.011708941445676
2025-02-07 11:00,47.68126988899109
2025-02-07 12:00,51.10370299891882
2025-02-07 13:00,58.066686577675725
2025-02-07 14:00,57.826070852126364
2025-02-07 15:00,52.721595931306446
2025-02-07 16:00,56.15640643391076
2025-02-07 17:00,57.146699010374
2025-02-07 18:00,57.3143486835193
2025-02-07 19:00,56.987454227933654
2025-02-07 20:00,55.22561919916927
2025-02-07 21:00,55.120902379627985
2025-02-07 22:00,55.90892038184189
2025-02-07 23:00,56.34761221118695
2025-02-08 00:00,49.6789481178524
2025-02-08 01:00,46.46170512862326
2025-02-08 02:00,46.662042307650125
2025-02-08 03:00,18.089083851936028
2025-02-08 04:00,19.13379231114644
2025-02-08 05:00,19.202294775092785
2025-02-08 06:00,19.741485728742187
2025-02-08 07:00,19.96566699608868
2025-02-08 08:00,39.73732259414784
2025-02-08 09:00,5.245965212846974
2025-02-08 10:00,10.588655533020178
2025-02-08 11:00,50.41425517190867
2025-02-08 12:00,48.00381067154338
2025-02-08 13:00,57.9179899761077
2025-02-08 14:00,56.40171056466706
2025-02-08 15:00,51.4185510897258
2025-02-08 16:00,52.386320132265695
2025-02-08 17:00,47.68327580699579
2025-02-08 18:00,43.468606043116516
2025-02-08 19:00,27.183562527892303
2025-02-08 20:00,3.6541921663639076
2025-02-08 21:00,3.8515610996044036
2025-02-08 22:00,2.456617762057767
2025-02-08 23:00,2.5178273268808904
2025-02-09 00:00,2.0994243003058877
2025-02-09 01:00,2.5161472942091434
2025-02-09 02:00,2.3935003999672917
2025-02-09 03:00,2.223490998465672
2025-02-09 04:00,1.8832162014795308
2025-02-09 05:00,1.9774226467750557
2025-02-09 06:00,2.0198348567522
2025-02-09 07:00,2.140344093298447
2025-02-09 08:00,2.0452534968769536
2025-02-09 09:00,1.6611168063266706
2025-02-09 10:00,2.4388172252351503
2025-02-09 11:00,2.07181328679018
2025-02-09 12:00,2.2683306555802334
2025-02-09 13:00,2.7079418265214983
2025-02-09 14:00,1.8077365093643234
2025-02-09 15:00,9.641908523214918
2025-02-09 16:00,7.639824888628769
2025-02-09 17:00,11.78433585615069
2025-02-09 18:00,19.964244506589893
2025-02-09 19:00,26.959535000086102
2025-02-09 20:00,26.92171095359185
2025-02-09 21:00,20.869924912441856
2025-02-09 22:00,10.929346143738789
2025-02-09 23:00,7.495336397472772
2025-02-10 00:00,5.111002313856101
2025-02-10 01:00,9.497765113485093
2025-02-10 02:00,7.873588093518334
2025-02-10 03:00,11.14177722883935
2025-02-10 04:00,6.700350630394279
2025-02-10 05:00,5.224494698184754
2025-02-10 06:00,4.1371234644631025
2025-02-10 07:00,3.5341744452835258
2025-02-10 08:00,0.643185578301004
2025-02-10 09:00,6.747116918063271
2025-02-10 10:00,3.768065248159552
2025-02-10 11:00,0.9660070309756397
2025-02-10 12:00,0.05632087610039185
2025-02-10 13:00,1.564469116151137
2025-02-10 14:00,9.557888416077624
2025-02-10 15:00,17.671576637539943
2025-02-10 16:00,16.74568192830656
2025-02-10 17:00,14.844493828746762
2025-02-10 18:00,13.605303058088143
2025-02-10 19:00,14.516861409542852
2025-02-10 20:00,8.403762447064944
2025-02-10 21:00,3.3863712379026634
2025-02-10 22:00,0.6637620178206408
2025-02-10 23:00,0.9632348350472308
2025-02-11 00:00,3.742625571324103
2025-02-11 01:00,3.4302885348224668
2025-02-11 02:00,3.9823711492358087
2025-02-11 03:00,3.118102747458712
2025-02-11 04:00,3.252591186247548
2025-02-11 05:00,3.2755768270361854
2025-02-11 06:00,3.538109792390261
2025-02-11 07:00,4.801274713150928
2025-02-11 08:00,4.726269201609112
2025-02-11 09:00,5.028480626634734
2025-02-11 10:00,2.497853771092508
2025-02-11 11:00,0.5758713774785329
2025-02-11 12:00,0.0
2025-02-11 13:00,0.0
2025-02-11 14:00,0.0
2025-02-11 15:00,0.0
2025-02-11 16:00,0.0625748484157832
2025-02-11 17:00,0.7153338624089391
2025-02-11 18:00,1.2524059510485674
2025-02-11 19:00,1.5513851958662737
2025-02-11 20:00,0.03965828559463495
2025-02-11 21:00,0.5646636490360145
2025-02-11 22:00,0.4925863026823469
2025-02-11 23:00,1.2814619287571514
2025-02-12 00:00,1.080139674645155
2025-02-12 01:00,1.923185495635645
2025-02-12 02:00,2.137913663260132
2025-02-12 03:00,1.7912799219634956
2025-02-12 04:00,4.7868257512816905
2025-02-12 05:00,6.084083157180876
2025-02-12 06:00,13.696636225624836
2025-02-12 07:00,12.875141869924343
2025-02-12 08:00,25.88568271802145
2025-02-12 09:00,22.473823227689714
2025-02-12 10:00,19.167180758924683
2025-02-12 11:00,21.732530122767688
2025-02-12 12:00,16.719355350087085
2025-02-12 13:00,16.262492697809698
2025-02-12 14:00,20.13281038617884
2025-02-12 15:00,32.32670873794218
2025-02-12 16:00,36.31078575321227
2025-02-12 17:00,57.26731276806845
2025-02-12 18:00,57.72538067314567
2025-02-12 19:00,60.047602419983974
2025-02-12 20:00,62.41641115209528
2025-02-12 21:00,60.24876988450888
2025-02-12 22:00,56.553657262039
2025-02-12 23:00,55.85446549846674
2025-02-13 00:00,56.40472835247996
2025-02-13 01:00,54.285045631597136
2025-02-13 02:00,49.26084422200769
2025-02-13 03:00,49.60760576072734
2025-02-13 04:00,23.056479478982126
2025-02-13 05:00,9.716650801082777
2025-02-13 06:00,6.85813233998809
2025-02-13 07:00,5.801925446401595
2025-02-13 08:00,0.265477996993479
2025-02-13 09:00,0.0
2025-02-13 10:00,0.0
2025-02-13 11:00,0.24912150478001688
2025-02-13 12:00,1.0582205295537626
2025-02-13 13:00,9.22718082915991
2025-02-13 14:00,18.036533795353723
2025-02-13 15:00,18.982665388981975
2025-02-13 16:00,18.37661719792706
2025-02-13 17:00,16.579235652301
2025-02-13 18:00,6.854111687514363
2025-02-13 19:00,4.528969112187475
2025-02-13 20:00,3.6891728107297563
2025-02-13 21:00,1.3009453546653205
2025-02-13 22:00,1.5857192016304615
2025-02-13 23:00,0.649234973838472
2025-02-14 00:00,0.4778184220302924
2025-02-14 01:00,1.1991281578307127
2025-02-14 02:00,8.678134146725425
2025-02-14 03:00,14.462978380834597
2025-02-14 04:00,9.198295112458169
2025-02-14 05:00,8.060467761505148
2025-02-14 06:00,0.9564358168988453
2025-02-14 07:00,1.1900039115686827
2025-02-14 08:00,0.0
2025-02-14 09:00,0.7672012599668551
2025-02-14 10:00,1.284275066409269
2025-02-14 11:00,4.679674362706581
2025-02-14 12:00,1.7627347710275598
2025-02-14 13:00,1.7435137598239334
2025-02-14 14:00,1.4968289743334362
2025-02-14 15:00,1.2857054297413513
2025-02-14 16:00,1.8662563959696432
2025-02-14 17:00,2.5108670096858683
2025-02-14 18:00,1.3190975927822342
2025-02-14 19:00,0.6664870430618326
2025-02-14 20:00,1.1969402075603508
2025-02-14 21:00,1.1981274440713938
2025-02-14 22:00,2.095242209055123
2025-02-14 23:00,2.7026414573688644
2025-02-15 00:00,6.878984146894145
2025-02-15 01:00,5.453646970943141
2025-02-15 02:00,1.8225463401857975
2025-02-15 03:00,2.7205286014098133
2025-02-15 04:00,3.356774716555684
2025-02-15 05:00,8.303361528120616
2025-02-15 06:00,6.312742151411464
2025-02-15 07:00,8.833475147113752
2025-02-15 08:00,5.034547168059361
2025-02-15 09:00,3.8241102654145913
2025-02-15 10:00,0.0956310887601681
2025-02-15 11:00,0.8701189831440442
2025-02-15 12:00,0.0007378013530927363
2025-02-15 13:00,0.7782258319692104
2025-02-15 14:00,2.0528785736753234
2025-02-15 15:00,1.7417573560181745
2025-02-15 16:00,1.3061008879856029
2025-02-15 17:00,3.8750321451452003
2025-02-15 18:00,3.5268067872337805
2025-02-15 19:00,4.350656878158504
2025-02-15 20:00,6.030529249368153
2025-02-15 21:00,4.285747934477097
2025-02-15 22:00,5.10856951552452
2025-02-15 23:00,6.3729867325067
2025-02-16 00:00,9.016357628406682
2025-02-16 01:00,5.62300654608216
2025-02-16 02:00,8.458658551545922
2025-02-16 03:00,10.516077311800526
2025-02-16 04:00,9.78775267346978
2025-02-16 05:00,10.179524803221407
2025-02-16 06:00,15.41542031672417
2025-02-16 07:00,10.039030926520892
2025-02-16 08:00,11.871243580116612
2025-02-16 09:00,7.486314182324328
2025-02-16 10:00,1.3999116424982472
2025-02-16 11:00,13.914831295565987
2025-02-16 12:00,9.699157685726423
2025-02-16 13:00,2.692954061677502
2025-02-16 14:00,9.824791297511547
2025-02-16 15:00,22.227381928193587
2025-02-16 16:00,15.297057258617452
2025-02-16 17:00,18.986797602963673
2025-02-16 18:00,19.70397271602158
2025-02-16 19:00,22.046394603910922
2025-02-16 20:00,31.25158542493997
2025-02-16 21:00,50.34827600822064
2025-02-16 22:00,36.331977384746885
2025-02-16 23:00,50.158896416631244
2025-02-17 00:00,49.81872432521912
2025-02-17 01:00,52.68546160216718
2025-02-17 02:00,50.87812846814208
2025-02-17 03:00,48.70747925654106
2025-02-17 04:00,42.62755973448157
2025-02-17 05:00,46.86096896246189
2025-02-17 06:00,45.508092930762956
2025-02-17 07:00,45.375070967403914
2025-02-17 08:00,40.38053344741198
2025-02-17 09:00,44.289195231312156
2025-02-17 10:00,44.56605320137514
2025-02-17 11:00,48.31262844020003
2025-02-17 12:00,47.364893151796245
2025-02-17 13:00,46.65262719983066
2025-02-17 14:00,48.22348744843313
2025-02-17 15:00,46.155895111548624
2025-02-17 16:00,47.59501177899586
2025-02-17 17:00,45.2458234118827
2025-02-17 18:00,43.26201413702214
2025-02-17 19:00,39.95776343432092
2025-02-17 20:00,42.3358924964592
2025-02-17 21:00,45.88918990435118
2025-02-17 22:00,47.483064153422234
2025-02-17 23:00,47.70300807705373
2025-02-18 00:00,48.12391726757663
2025-02-18 01:00,45.8783632926608
2025-02-18 02:00,43.71495952680512
2025-02-18 03:00,30.636640652083642
2025-02-18 04:00,42.91384768753546
2025-02-18 05:00,47.59495205018024
2025-02-18 06:00,35.11669090148595
2025-02-18 07:00,34.653335447935206
2025-02-18 08:00,33.707755408238974
2025-02-18 09:00,46.63625185683512
2025-02-18 10:00,41.81200153026473
2025-02-18 11:00,46.00815430034614
2025-02-18 12:00,47.20754328465188
2025-02-18 13:00,41.34859801904484
2025-02-18 14:00,46.787321824511146
2025-02-18 15:00,46.53717272010157
2025-02-18 16:00,47.200989132746855
2025-02-18 17:00,47.192298565516566
2025-02-18 18:00,47.84045287489252
2025-02-18 19:00,43.88270232936919
2025-02-18 20:00,39.51964346896089
2025-02-18 21:00,44.96348888278443
2025-02-18 22:00,46.736283003797425
2025-02-18 23:00,47.54457156411334
2025-02-19 00:00,48.13183359731559
2025-02-19 01:00,46.436695663871845
2025-02-19 02:00,37.29296073796293
2025-02-19 03:00,20.589676959340277
2025-02-19 04:00,13.431777106007425
2025-02-19 05:00,35.65224808044201
2025-02-19 06:00,39.526412706026925
2025-02-19 07:00,35.997787540292514
2025-02-19 08:00,44.21030025968283
2025-02-19 09:00,48.256845200294215
2025-02-19 10:00,49.3526843583827
2025-02-19 11:00,49.59939369004001
2025-02-19 12:00,50.4163132747784
2025-02-19 13:00,47.7571734360791
2025-02-19 14:00,48.34624242228654
2025-02-19 15:00,46.81395251847042
2025-02-19 16:00,46.084258017249596
2025-02-19 17:00,45.13817495264672
2025-02-19 18:00,45.01664294766169
2025-02-19 19:00,46.9297132954407
2025-02-19 20:00,50.070205367662744
2025-02-19 21:00,44.43782783206175
2025-02-19 22:00,39.88387667133584
2025-02-19 23:00,35.120224289290825
2025-02-20 00:00,29.430628050742385
2025-02-20 01:00,24.007161031965236
2025-02-20 02:00,27.41274886463895
2025-02-20 03:00,30.615265339720967
2025-02-20 04:00,27.581240810572538
2025-02-20 05:00,18.929854237576215
2025-02-20 06:00,7.149982922992115
2025-02-20 07:00,4.788032207078686
2025-02-20 08:00,4.300839649820835
2025-02-20 09:00,5.912449273851222
2025-02-20 10:00,13.151412539930016
2025-02-20 11:00,39.381437995713604
2025-02-20 12:00,38.665700735020245
2025-02-20 13:00,42.335855288542504
2025-02-20 14:00,48.38722770804769
2025-02-20 15:00,46.18349822370488
2025-02-20 16:00,46.481127340648264
2025-02-20 17:00,44.28157385139477
2025-02-20 18:00,42.55162101920352
2025-02-20 19:00,45.298417762418886
2025-02-20 20:00,41.67536416507347
2025-02-20 21:00,42.7777185333747
2025-02-20 22:00,48.52985578128428
2025-02-20 23:00,49.9063729978577
2025-02-21 00:00,48.01065090500197
2025-02-21 01:00,49.737269912296455
2025-02-21 02:00,38.90251007392442
2025-02-21 03:00,30.213463974383597
2025-02-21 04:00,26.927975004305996
2025-02-21 05:00,20.602603741162927
2025-02-21 06:00,19.25098993806388
2025-02-21 07:00,18.678353836998152
2025-02-21 08:00,8.764274221594434
2025-02-21 09:00,14.476117391457114
2025-02-21 10:00,21.086581824473175
2025-02-21 11:00,21.872336271755174
2025-02-21 12:00,31.676928882405246
2025-02-21 13:00,36.75427926231405
2025-02-21 14:00,36.71070109374394
2025-02-21 15:00,41.96362632663679
2025-02-21 16:00,42.925035689665904
2025-02-21 17:00,43.288584623703684
2025-02-21 18:00,41.59125993802631
2025-02-21 19:00,37.88345278426165
2025-02-21 20:00,42.655933128124026
2025-02-21 21:00,37.69297646239133
2025-02-21 22:00,36.837240949938
2025-02-21 23:00,37.13203295552977
2025-02-22 00:00,32.36602510505344
2025-02-22 01:00,26.684937479486337
2025-02-22 02:00,22.649172857607194
2025-02-22 03:00,54.77102573075589
2025-02-22 04:00,52.12245681252873
2025-02-22 05:00,54.64122198086025
2025-02-22 06:00,45.91117478666055
2025-02-22 07:00,45.069812050044504
2025-02-22 08:00,40.390409406407066
2025-02-22 09:00,34.50027192267477
2025-02-22 10:00,39.528061345511645
2025-02-22 11:00,36.571322710789694
2025-02-22 12:00,37.81672693550324
2025-02-22 13:00,37.36941731891778
2025-02-22 14:00,40.02283300065937
2025-02-22 15:00,44.346513775005
2025-02-22 16:00,40.248554056769116
2025-02-22 17:00,41.99700742069184
2025-02-22 18:00,44.49182653619604
2025-02-22 19:00,37.937072960439785
2025-02-22 20:00,39.38720800781109
2025-02-22 21:00,38.30670041050947
2025-02-22 22:00,41.475798854077084
2025-02-22 23:00,42.199966108410266
2025-02-23 00:00,36.4565856073807
2025-02-23 01:00,41.133146658078005
2025-02-23 02:00,41.46863612058834
2025-02-23 03:00,24.2418405995489
2025-02-23 04:00,9.59661234442893
2025-02-23 05:00,4.522042636040362
2025-02-23 06:00,4.907846046164346
2025-02-23 07:00,5.869919252094463
2025-02-23 08:00,37.141870865209384
2025-02-23 09:00,52.41726538347275
2025-02-23 10:00,50.68660610596447
2025-02-23 11:00,46.075809065242744
2025-02-23 12:00,45.81489442627914
2025-02-23 13:00,47.48953512092416
2025-02-23 14:00,46.900317589499444
2025-02-23 15:00,50.21506993834724
2025-02-23 16:00,47.90172598808719
2025-02-23 17:00,47.034903932551565
2025-02-23 18:00,49.923286891722256
2025-02-23 19:00,52.75270099624418
2025-02-23 20:00,53.47790643725044
2025-02-23 21:00,48.16916306325788
2025-02-23 22:00,48.04376703356966
2025-02-23 23:00,46.94538851186102
2025-02-24 00:00,48.34651360349375
2025-02-24 01:00,47.62855695458278
2025-02-24 02:00,44.4500501654378
2025-02-24 03:00,31.59129209828857
2025-02-24 04:00,12.179440630711257
2025-02-24 05:00,7.878269164365207
2025-02-24 06:00,7.520379692676659
2025-02-24 07:00,6.996909367627799
2025-02-24 08:00,6.822527022861043
2025-02-24 09:00,6.179167533593278
2025-02-24 10:00,15.589008451651464
2025-02-24 11:00,36.88231629109565
2025-02-24 12:00,25.2776394784242
2025-02-24 13:00,28.97106531084804
2025-02-24 14:00,19.359204055418978
2025-02-24 15:00,18.068657598513596
2025-02-24 16:00,21.770327706619973
2025-02-24 17:00,25.43386137305827
2025-02-24 18:00,23.317964599248352
2025-02-24 19:00,14.63281535458918
2025-02-24 20:00,12.935419139308403
2025-02-24 21:00,5.965004378726992
2025-02-24 22:00,3.5468334698361357
2025-02-24 23:00,1.8835588190421229
2025-02-25 00:00,4.321405789862099
2025-02-25 01:00,3.9558002851021006
2025-02-25 02:00,4.240524933145994
2025-02-25 03:00,3.2938561435115896
2025-02-25 04:00,2.8255393882563253
2025-02-25 05:00,4.6335997041839345
2025-02-25 06:00,5.309877266794953
2025-02-25 07:00,2.7476262591668372
2025-02-25 08:00,6.725624533599434
2025-02-25 09:00,1.8484461787144277
2025-02-25 10:00,7.078705720455154
2025-02-25 11:00,3.1958129269664424
2025-02-25 12:00,7.692282863984687
2025-02-25 13:00,8.800956144445431
2025-02-25 14:00,9.118551921041586
2025-02-25 15:00,14.139592489252188
2025-02-25 16:00,16.411327997220777
2025-02-25 17:00,24.817521073823688
2025-02-25 18:00,14.042608440927614
2025-02-25 19:00,7.148496206539435
2025-02-25 20:00,16.799089181262204
2025-02-25 21:00,29.775441982835623
2025-02-25 22:00,28.187354723978196
2025-02-25 23:00,20.561070231041338
2025-02-26 00:00,13.940230787814125
2025-02-26 01:00,4.313778272594721
2025-02-26 02:00,4.585618939413714
2025-02-26 03:00,6.019329115463289
2025-02-26 04:00,8.336722651688666
2025-02-26 05:00,12.503852573103178
2025-02-26 06:00,10.104339525280858
2025-02-26 07:00,13.424300039946145
2025-02-26 08:00,8.430023409426411
2025-02-26 09:00,11.907468382797465
2025-02-26 10:00,11.355109488456842
2025-02-26 11:00,13.995689885843987
2025-02-26 12:00,10.66841617559232
2025-02-26 13:00,10.208533639540454
2025-02-26 14:00,6.399272144769352
2025-02-26 15:00,4.160620215065766
2025-02-26 16:00,3.6159771153574423
2025-02-26 17:00,3.778144359781508
2025-02-26 18:00,0.07515989675013107
2025-02-26 19:00,1.7517539416538952
2025-02-26 20:00,1.1375275442736639
2025-02-26 21:00,1.1014437353272015
2025-02-26 22:00,0.7116413714692172
2025-02-26 23:00,1.1846849911989294
2025-02-27 00:00,0.3503749305919324
2025-02-27 01:00,0.5372421814932853
2025-02-27 02:00,1.7458127805178454
2025-02-27 03:00,1.0264159675047462
2025-02-27 04:00,2.304069346835416
2025-02-27 05:00,2.048742786962702
2025-02-27 06:00,0.8500410262529419
2025-02-27 07:00,2.525842024182608
2025-02-27 08:00,0.5641276600946403
2025-02-27 09:00,0.0
2025-02-27 10:00,0.0
2025-02-27 11:00,0.0
2025-02-27 12:00,1.44453535780398
2025-02-27 13:00,0.06411761072327585
2025-02-27 14:00,2.1882788811222733
2025-02-27 15:00,2.6987319795925657
2025-02-27 16:00,3.1107383967352833
2025-02-27 17:00,1.553043944159449
2025-02-27 18:00,2.068287432304997
2025-02-27 19:00,4.18854276252129
2025-02-27 20:00,1.1337183683706817
2025-02-27 21:00,0.6892450928395459
2025-02-27 22:00,1.7510688373486243
2025-02-27 23:00,0.8692994723600359
2025-02-28 00:00,4.183638308153101
2025-02-28 01:00,3.880724322151753
2025-02-28 02:00,8.873958989317082
2025-02-28 03:00,7.7821257678955265
2025-02-28 04:00,7.0228505433534965
2025-02-28 05:00,2.477222830845273
2025-02-28 06:00,2.388570378463054
2025-02-28 07:00,1.9336646708865353
2025-02-28 08:00,3.973663426962605
2025-02-28 09:00,3.5774805371329577
2025-02-28 10:00,4.305613514795867
2025-02-28 11:00,2.7399070540330976
2025-02-28 12:00,7.657174666325582
2025-02-28 13:00,7.372822353452472
2025-02-28 14:00,7.8980038857186825
2025-02-28 15:00,7.899141946895485
2025-02-28 16:00,5.2099720031853725
2025-02-28 17:00,5.548932846403587
2025-02-28 18:00,7.896952874315564
2025-02-28 19:00,7.833222028070362
2025-02-28 20:00,5.705056693273209
2025-02-28 21:00,10.777454284028735
2025-02-28 22:00,10.512619054524672
2025-02-28 23:00,10.91907201391281
2025-03-01 00:00,0.0
2025-03-01 01:00,1.9058972597210246
2025-03-01 02:00,5.256713137282343
2025-03-01 03:00,5.423876276863627
2025-03-01 04:00,6.262046381352224
2025-03-01 05:00,6.347390289274458
2025-03-01 06:00,3.6329941509171775
2025-03-01 07:00,9.808170770344143
2025-03-01 08:00,9.151537559798724
2025-03-01 09:00,0.8290933389630368
2025-03-01 10:00,0.46497207602277707
2025-03-01 11:00,0.7361142948043612
2025-03-01 12:00,2.1138891637060127
2025-03-01 13:00,5.8466000508024045
2025-03-01 14:00,6.051708765722131
2025-03-01 15:00,11.085471159665577
2025-03-01 16:00,19.108124357846183
2025-03-01 17:00,11.425834280420267
2025-03-01 18:00,15.915958260249159
2025-03-01 19:00,12.043627110777592
2025-03-01 20:00,16.518775802043475
2025-03-01 21:00,14.432660401357348
2025-03-01 22:00,15.482069312080414
2025-03-01 23:00,16.688827646913346
2025-03-02 00:00,13.738124614441242
2025-03-02 01:00,9.96209852574048
2025-03-02 02:00,15.495827811809448
2025-03-02 03:00,14.681713338780133
2025-03-02 04:00,11.636660478811825
2025-03-02 05:00,10.66375199990723
2025-03-02 06:00,11.836366590803454
2025-03-02 07:00,12.597183013832128
2025-03-02 08:00,10.380121144585278
2025-03-02 09:00,10.977150848523733
2025-03-02 10:00,10.787596180073203
2025-03-02 11:00,5.181206438540088
2025-03-02 12:00,5.233914116885228
2025-03-02 13:00,8.582875294612483
2025-03-02 14:00,6.639976288420385
2025-03-02 15:00,5.028304012208253
2025-03-02 16:00,10.978023345651364
2025-03-02 17:00,9.911193059917725
2025-03-02 18:00,12.923212864215825
2025-03-02 19:00,22.544150394516688
2025-03-02 20:00,25.389034613696257
2025-03-02 21:00,28.304834037770153
2025-03-02 22:00,20.97310534631332
2025-03-02 23:00,30.29441888163242
2025-03-03 00:00,34.29753412450514
2025-03-03 01:00,49.80669273918097
2025-03-03 02:00,48.609224622323694
2025-03-03 03:00,50.413095319544816
2025-03-03 04:00,52.420414731395624
2025-03-03 05:00,48.135346671817324
2025-03-03 06:00,42.25630306870715
2025-03-03 07:00,28.726303030644928
2025-03-03 08:00,36.31024944664323
2025-03-03 09:00,45.928092176919264
2025-03-03 10:00,40.89601429151303
2025-03-03 11:00,24.18286728182896
2025-03-03 12:00,30.63469587829764
2025-03-03 13:00,36.56760168238757
2025-03-03 14:00,31.507791294811895
2025-03-03 15:00,22.619114157118506
2025-03-03 16:00,21.102060877521534
2025-03-03 17:00,18.505408343217265
2025-03-03 18:00,15.576110992941338
2025-03-03 19:00,22.304851974190893
2025-03-03 20:00,25.500999681655625
2025-03-03 21:00,13.189443167729902
2025-03-03 22:00,16.467323565935683
2025-03-03 23:00,14.330978220931474
2025-03-04 00:00,11.773530801189462
2025-03-04 01:00,16.117321726502478
2025-03-04 02:00,14.655201539494264
2025-03-04 03:00,29.75046893788049
2025-03-04 04:00,29.299514595605608
2025-03-04 05:00,20.93374249894171
2025-03-04 06:00,36.37013586359016
2025-03-04 07:00,40.211728555782635
2025-03-04 08:00,24.144773441116516
2025-03-04 09:00,24.817877449034345
2025-03-04 10:00,23.395600170517145
2025-03-04 11:00,27.956429744565604
2025-03-04 12:00,22.91449269133599
2025-03-04 13:00,28.36794281593414
2025-03-04 14:00,25.72376370472644
2025-03-04 15:00,20.89724256991213
2025-03-04 16:00,28.813358969420253
2025-03-04 17:00,21.603164543798385
2025-03-04 18:00,28.6012645917892
2025-03-04 19:00,29.626565186472128
2025-03-04 20:00,33.262378562515174
2025-03-04 21:00,33.59124728230331
2025-03-04 22:00,26.14482276073585
2025-03-04 23:00,20.556909423147445
2025-03-05 00:00,15.820356874934436
2025-03-05 01:00,13.818152476087025
2025-03-05 02:00,16.191468241678564
2025-03-05 03:00,13.648995255805481
2025-03-05 04:00,15.953807591225106
2025-03-05 05:00,15.133085554058491
2025-03-05 06:00,14.055468276459207
2025-03-05 07:00,14.862888171357989
2025-03-05 08:00,13.496252739471917
2025-03-05 09:00,12.148676782274613
2025-03-05 10:00,12.312393199073792
2025-03-05 11:00,8.801566578649338
2025-03-05 12:00,9.87740047664927
2025-03-05 13:00,8.052850478619343
2025-03-05 14:00,13.641884583251192
2025-03-05 15:00,14.100371062349618
2025-03-05 16:00,12.347412554790242
2025-03-05 17:00,8.37130920051668
2025-03-05 18:00,7.905341609904209
2025-03-05 19:00,21.264925103726934
2025-03-05 20:00,33.38987485343743
2025-03-05 21:00,41.11216224715514
2025-03-05 22:00,24.10938582488002
2025-03-05 23:00,23.618647159394648
2025-03-06 00:00,18.79869032211287
2025-03-06 01:00,10.400381880452858
2025-03-06 02:00,6.41115051910739
2025-03-06 03:00,12.273082963283768
2025-03-06 04:00,7.141309474731992
2025-03-06 05:00,7.099853108787193
2025-03-06 06:00,8.34032516504191
2025-03-06 07:00,9.945025335691055
2025-03-06 08:00,3.8009304060294453
2025-03-06 09:00,5.647938217579915
2025-03-06 10:00,6.630242338975672
2025-03-06 11:00,18.12630094884377
2025-03-06 12:00,25.92990334562458
2025-03-06 13:00,32.08222430887473
2025-03-06 14:00,36.74292202517594
2025-03-06 15:00,41.0562285574529
2025-03-06 16:00,39.977115038660386
2025-03-06 17:00,35.51626929261438
2025-03-06 18:00,31.48819284954699
2025-03-06 19:00,20.04158032998111
2025-03-06 20:00,13.375612003748081
2025-03-06 21:00,5.728123948945044
2025-03-06 22:00,4.359731209761858
2025-03-06 23:00,2.317373594196204
2025-03-07 00:00,5.64798217322664
2025-03-07 01:00,2.648128057226483
2025-03-07 02:00,3.0079455282645378
2025-03-07 03:00,2.0225498183059365
2025-03-07 04:00,1.690122029365194
2025-03-07 05:00,1.3775569323375765
2025-03-07 06:00,0.7874233434010199
2025-03-07 07:00,0.0
2025-03-07 08:00,1.3413026655605833
2025-03-07 09:00,1.5994220684978073
2025-03-07 10:00,0.5634476518048411
2025-03-07 11:00,0.0
2025-03-07 12:00,1.8254441224327889
2025-03-07 13:00,3.0104330483120716
2025-03-07 14:00,3.7804794198752467
2025-03-07 15:00,5.203718160693216
2025-03-07 16:00,8.930289858590918
2025-03-07 17:00,13.200990808249102
2025-03-07 18:00,8.540808852911377
2025-03-07 19:00,4.997388992151663
2025-03-07 20:00,1.9876726454552098
2025-03-07 21:00,0.4883632384567584
2025-03-07 22:00,0.9675124883644503
2025-03-07 23:00,0.5772183312161537
2025-03-08 00:00,0.3088578493864002
2025-03-08 01:00,0.2713391222910397
2025-03-08 02:00,0.953202572519789
2025-03-08 03:00,1.3400592986705953
2025-03-08 04:00,3.191274807775505
2025-03-08 05:00,4.316367442313952
2025-03-08 06:00,4.647677616858536
2025-03-08 07:00,3.7164929561775875
2025-03-08 08:00,2.795408952635661
2025-03-08 09:00,0.9581651274043772
2025-03-08 10:00,0.34010361425957353
2025-03-08 11:00,0.3121490059788829
2025-03-08 12:00,0.1406321767849182
2025-03-08 13:00,2.2887361650281077
2025-03-08 14:00,2.8542133055978613
2025-03-08 15:00,4.774785638262905
2025-03-08 16:00,7.812714737657072
2025-03-08 17:00,3.9981260735551887
2025-03-08 18:00,3.632747866704507
2025-03-08 19:00,1.5327105990595566
2025-03-08 20:00,1.9905660643167378
2025-03-08 21:00,1.3234793163540148
2025-03-08 22:00,1.492822413905661
2025-03-08 23:00,0.16735462063788886
2025-03-09 00:00,0.8407945588929515
2025-03-09 01:00,0.8717316729226147
2025-03-09 02:00,1.8746791940286063
2025-03-09 03:00,0.5413086010969715
2025-03-09 04:00,0.6631519785676686
2025-03-09 05:00,1.6686212899964583
2025-03-09 06:00,1.513701092545709
2025-03-09 07:00,2.83163219270849
2025-03-09 08:00,1.3950777781981896
2025-03-09 09:00,2.468200520575468
2025-03-09 10:00,2.2538674428895784
2025-03-09 11:00,2.4449988484784178
2025-03-09 12:00,5.09433155198739
2025-03-09 13:00,7.287057963515815
2025-03-09 14:00,7.564304745553903
2025-03-09 15:00,8.0374635715985
2025-03-09 16:00,6.964532496111112
2025-03-09 17:00,6.59610619068401
2025-03-09 18:00,3.329435887507447
2025-03-09 19:00,1.859920100795474
2025-03-09 20:00,3.0108900272408934
2025-03-09 21:00,1.2908591077348415
2025-03-09 22:00,2.229588188675596
2025-03-09 23:00,3.4807602003348825
2025-03-10 00:00,0.23845051887896715
2025-03-10 01:00,0.0
2025-03-10 02:00,0.37603516993678815
2025-03-10 03:00,0.0
2025-03-10 04:00,2.6539316346691018
2025-03-10 05:00,3.5855435374106865
2025-03-10 06:00,2.5517172640025185
2025-03-10 07:00,5.1815574214312985
2025-03-10 08:00,3.2708663492742724
2025-03-10 09:00,2.42653351095469
2025-03-10 10:00,2.071380517302452
2025-03-10 11:00,1.6540792322958549
2025-03-10 12:00,3.432734983270255
2025-03-10 13:00,0.004986488937334312
2025-03-10 14:00,0.7563581584408207
2025-03-10 15:00,0.8471441098343034
2025-03-10 16:00,1.5844325988486947
2025-03-10 17:00,4.992246692874033
2025-03-10 18:00,4.473537365194196
2025-03-10 19:00,3.498454380009212
2025-03-10 20:00,2.5665733979660317
2025-03-10 21:00,2.5267126936941717
2025-03-10 22:00,1.1238748119867068
2025-03-10 23:00,0.0
2025-03-11 00:00,1.8220888863948552
2025-03-11 01:00,3.0828200587266807
2025-03-11 02:00,3.6808587377326694
2025-03-11 03:00,3.4794878454541838
2025-03-11 04:00,6.3207281203590835
2025-03-11 05:00,7.9888880453094595
2025-03-11 06:00,7.019905818050102
2025-03-11 07:00,10.700299722419643
2025-03-11 08:00,9.626027212461956
2025-03-11 09:00,8.670433271926603
2025-03-11 10:00,4.050546816668426
2025-03-11 11:00,2.5996277791017617
2025-03-11 12:00,1.708807333247893
2025-03-11 13:00,0.0712656960135739
2025-03-11 14:00,0.33940195203278223
2025-03-11 15:00,2.191791101779248
2025-03-11 16:00,4.4569176083872675
2025-03-11 17:00,4.5370165630900905
2025-03-11 18:00,4.577847151489517
2025-03-11 19:00,4.624970166201074
2025-03-11 20:00,5.495845025725985
2025-03-11 21:00,4.077593603121428
2025-03-11 22:00,2.671659134368807
2025-03-11 23:00,5.120778072774617
2025-03-12 00:00,0.4571275612750059
2025-03-12 01:00,1.1826095951591387
2025-03-12 02:00,6.452207729606383
2025-03-12 03:00,7.588564694157623
2025-03-12 04:00,4.398309689304916
2025-03-12 05:00,5.660638823625948
2025-03-12 06:00,3.485758208005534
2025-03-12 07:00,1.6118263314462178
2025-03-12 08:00,1.147741640907562
2025-03-12 09:00,10.733564519782755
2025-03-12 10:00,2.7200312219311624
2025-03-12 11:00,1.5812125730966133
2025-03-12 12:00,2.7572655401251143
2025-03-12 13:00,2.518540511379156
2025-03-12 14:00,7.410666029524315
2025-03-12 15:00,4.155365217820542
2025-03-12 16:00,2.7550381041608385
2025-03-12 17:00,2.012941062626989
2025-03-12 18:00,0.9680120841371715
2025-03-12 19:00,8.554468042087299
2025-03-12 20:00,12.54243810716314
2025-03-12 21:00,9.958142642170511
2025-03-12 22:00,2.0763104451127705
2025-03-12 23:00,7.457004646177739
2025-03-13 00:00,11.141484764592526
2025-03-13 01:00,9.406794517217753
2025-03-13 02:00,13.005115037138056
2025-03-13 03:00,8.646306511528598
2025-03-13 04:00,8.925075084469144
2025-03-13 05:00,11.214562301645909
2025-03-13 06:00,14.66967945662122
2025-03-13 07:00,18.209712773641282
2025-03-13 08:00,10.25198683423406
2025-03-13 09:00,10.1467950297553
2025-03-13 10:00,12.809297916185606
2025-03-13 11:00,24.864964362704566
2025-03-13 12:00,29.91046241156857
2025-03-13 13:00,43.8176931593114
2025-03-13 14:00,35.077567372337626
2025-03-13 15:00,39.53691990104211
2025-03-13 16:00,40.5604316966226
2025-03-13 17:00,40.512223486497675
2025-03-13 18:00,44.936324638869486
2025-03-13 19:00,36.34782300181331
2025-03-13 20:00,23.75194903801991
2025-03-13 21:00,47.30931162767996
2025-03-13 22:00,31.4986683611663
2025-03-13 23:00,7.533228971277141
2025-03-14 00:00,11.162783644176441
2025-03-14 01:00,4.893365880904166
2025-03-14 02:00,8.26530269164034
2025-03-14 03:00,17.045909290225943
2025-03-14 04:00,19.781005097199937
2025-03-14 05:00,11.816626962679303
2025-03-14 06:00,10.893091170350198
2025-03-14 07:00,12.272112499089125
2025-03-14 08:00,10.900034875781419
2025-03-14 09:00,9.111863083501952
2025-03-14 10:00,5.870448389326128
2025-03-14 11:00,8.170661020634567
2025-03-14 12:00,7.307424203901981
2025-03-14 13:00,5.968757853124279
2025-03-14 14:00,15.041425024195876
2025-03-14 15:00,18.86145380991591
2025-03-14 16:00,22.874152030260074
2025-03-14 17:00,22.71697842426293
2025-03-14 18:00,10.622860341924634
2025-03-14 19:00,12.120808730958357
2025-03-14 20:00,19.45401974097621
2025-03-14 21:00,3.7895895262117634
2025-03-14 22:00,5.095083597931706
2025-03-14 23:00,6.552050197588561
2025-03-15 00:00,10.533804822528957
2025-03-15 01:00,14.051242956354026
2025-03-15 02:00,14.872581325300606
2025-03-15 03:00,14.340773892765569
2025-03-15 04:00,15.995805777145288
2025-03-15 05:00,16.622969802460343
2025-03-15 06:00,11.226284337986202
2025-03-15 07:00,10.801784664401445
2025-03-15 08:00,15.609236598077114
2025-03-15 09:00,14.481650344399313
2025-03-15 10:00,9.472387678442201
2025-03-15 11:00,4.067675091691119
2025-03-15 12:00,13.761545523883445
2025-03-15 13:00,19.689372902115142
2025-03-15 14:00,2.8457837186582813
2025-03-15 15:00,4.228227311986827
2025-03-15 16:00,7.903549875085326
2025-03-15 17:00,5.296748356409592
2025-03-15 18:00,5.1556235989444135
2025-03-15 19:00,11.267963697878935
2025-03-15 20:00,9.790961958304843
2025-03-15 21:00,12.96512960669277
2025-03-15 22:00,12.652862709117242
2025-03-15 23:00,14.125981115637797
2025-03-16 00:00,17.879546675318764
2025-03-16 01:00,16.3284234553537
2025-03-16 02:00,14.763402702546914
2025-03-16 03:00,15.612099588078461
2025-03-16 04:00,18.352195782633803
2025-03-16 05:00,18.09086379020832
2025-03-16 06:00,18.87186850771418
2025-03-16 07:00,12.85290435783323
2025-03-16 08:00,4.434516504350432
2025-03-16 09:00,5.247690892758718
2025-03-16 10:00,17.25107851813815
2025-03-16 11:00,22.611172187257843
2025-03-16 12:00,33.47780157993737
2025-03-16 13:00,38.9366086243923
2025-03-16 14:00,49.6927093041991
2025-03-16 15:00,56.01474923349326
2025-03-16 16:00,54.70472627317775
2025-03-16 17:00,53.097958994338995
2025-03-16 18:00,54.22996710136657
2025-03-16 19:00,53.15721156842604
2025-03-16 20:00,54.49560406934092
2025-03-16 21:00,53.866914768231446
2025-03-16 22:00,54.83188384012339
2025-03-16 23:00,51.302405364283025
2025-03-17 00:00,50.122318678219635
2025-03-17 01:00,51.149594972929165
2025-03-17 02:00,50.80511020743748
2025-03-17 03:00,51.82338884905709
2025-03-17 04:00,56.29469435396324
2025-03-17 05:00,56.3382519042875
2025-03-17 06:00,55.90993418935063
2025-03-17 07:00,47.55627219713555
2025-03-17 08:00,46.65595866357816
2025-03-17 09:00,39.97119875975469
2025-03-17 10:00,33.71666639815931
2025-03-17 11:00,24.344708710247662
2025-03-17 12:00,19.72057581565282
2025-03-17 13:00,17.79177640822546
2025-03-17 14:00,19.485751463923318
2025-03-17 15:00,22.23107457737349
2025-03-17 16:00,18.792881014341443
2025-03-17 17:00,9.33028529592714
2025-03-17 18:00,5.1246946266406574
2025-03-17 19:00,9.311544772225053
2025-03-17 20:00,8.5476209256367
2025-03-17 21:00,9.228035410910628
2025-03-17 22:00,20.39333899659912
2025-03-17 23:00,36.226995838708646
2025-03-18 00:00,53.6359304424756
2025-03-18 01:00,35.34445232182744
2025-03-18 02:00,10.81331738422937
2025-03-18 03:00,12.484176180693751
2025-03-18 04:00,45.27778062876611
2025-03-18 05:00,32.6850170729526
2025-03-18 06:00,35.77633147809081
2025-03-18 07:00,40.10702584184042
2025-03-18 08:00,48.02940972343055
2025-03-18 09:00,40.95408425387034
2025-03-18 10:00,53.03321002687233
2025-03-18 11:00,53.81200495611586
2025-03-18 12:00,55.942498309049945
2025-03-18 13:00,59.43548876994102
2025-03-18 14:00,59.73846422468434
2025-03-18 15:00,59.24157120775717
2025-03-18 16:00,55.37347215710892
2025-03-18 17:00,57.72493310306382
2025-03-18 18:00,54.91113918102451
2025-03-18 19:00,51.102143518819084
2025-03-18 20:00,51.38479125360116
2025-03-18 21:00,40.43849034007292
2025-03-18 22:00,32.498277567490085
2025-03-18 23:00,36.225021945639675
2025-03-19 00:00,28.350247721373442
2025-03-19 01:00,22.517459262040326
2025-03-19 02:00,20.071324376988642
2025-03-19 03:00,23.07269400955021
2025-03-19 04:00,16.029314228524974
2025-03-19 05:00,12.266019087959997
2025-03-19 06:00,9.389009380948039
2025-03-19 07:00,6.399374918792366
2025-03-19 08:00,6.167562733330166
2025-03-19 09:00,18.037213424966925
2025-03-19 10:00,14.612414831771641
2025-03-19 11:00,14.408535278801875
2025-03-19 12:00,9.523637599202463
2025-03-19 13:00,16.05848161519017
2025-03-19 14:00,19.561434654641193
2025-03-19 15:00,18.736727571915768
2025-03-19 16:00,18.098228195590245
2025-03-19 17:00,8.644758270192119
2025-03-19 18:00,5.620808473693023
2025-03-19 19:00,2.564614380220177
2025-03-19 20:00,2.50879723653721
2025-03-19 21:00,1.0367606020746982
2025-03-19 22:00,0.44370773462930885
2025-03-19 23:00,0.08233992394620429
2025-03-20 00:00,8.603617448881431
2025-03-20 01:00,13.76981285569265
2025-03-20 02:00,13.019669332015315
2025-03-20 03:00,26.40796023765335
2025-03-20 04:00,24.81059636814945
2025-03-20 05:00,26.09754540867582
2025-03-20 06:00,35.732585078184535
2025-03-20 07:00,41.58039290987335
2025-03-20 08:00,35.02303074266223
2025-03-20 09:00,29.500713512066604
2025-03-20 10:00,33.76304802383165
2025-03-20 11:00,27.451759989810906
2025-03-20 12:00,25.95382532995116
2025-03-20 13:00,31.731318548720456
2025-03-20 14:00,25.834059432431598
2025-03-20 15:00,34.96524384361436
2025-03-20 16:00,20.008439095394202
2025-03-20 17:00,20.75067139949467
2025-03-20 18:00,25.859177486427868
2025-03-20 19:00,32.82266617751022
2025-03-20 20:00,35.68255330482573
2025-03-20 21:00,36.02873798048971
2025-03-20 22:00,33.919626486267866
2025-03-20 23:00,37.657245444459306
2025-03-21 00:00,27.981155341058884
2025-03-21 01:00,17.456926374240123
2025-03-21 02:00,14.152587171740596
2025-03-21 03:00,12.771118624436882
2025-03-21 04:00,11.985980632986987
2025-03-21 05:00,33.33227610798841
2025-03-21 06:00,31.526200051140975
2025-03-21 07:00,30.045595515050127
2025-03-21 08:00,28.389225100442776
2025-03-21 09:00,31.877711224188296
2025-03-21 10:00,25.99727704544959
2025-03-21 11:00,13.459961411158682
2025-03-21 12:00,14.635444886045132
2025-03-21 13:00,16.302692353425446
2025-03-21 14:00,17.85344702882607
2025-03-21 15:00,21.433350485722407
2025-03-21 16:00,8.768760456300871
2025-03-21 17:00,4.278201615232772
2025-03-21 18:00,2.6233928613033175
2025-03-21 19:00,2.9269050092004982
2025-03-21 20:00,2.491273087735013
2025-03-21 21:00,6.056268908482771
2025-03-21 22:00,11.065028093309355
2025-03-21 23:00,22.397286351573282
2025-03-22 00:00,22.727732081147145
2025-03-22 01:00,18.566933840766698
2025-03-22 02:00,28.273132803755303
2025-03-22 03:00,19.06534297156749
2025-03-22 04:00,15.964104081059293
2025-03-22 05:00,30.302488242509483
2025-03-22 06:00,32.50735234263339
2025-03-22 07:00,37.70439412696388
2025-03-22 08:00,21.051608104667373
2025-03-22 09:00,9.941051172474358
2025-03-22 10:00,14.147259088631525
2025-03-22 11:00,18.710069569922936
2025-03-22 12:00,19.58120913456169
2025-03-22 13:00,19.961159817234783
2025-03-22 14:00,20.02775799868896
2025-03-22 15:00,20.708498199662767
2025-03-22 16:00,18.70171499287874
2025-03-22 17:00,19.328181460801865
2025-03-22 18:00,10.76408687800427
2025-03-22 19:00,11.611875453858476
2025-03-22 20:00,15.54976745916754
2025-03-22 21:00,22.407910625034262
2025-03-22 22:00,16.17897283672887
2025-03-22 23:00,36.268669445399595
2025-03-23 00:00,29.192138057682893
2025-03-23 01:00,28.613477949519133
2025-03-23 02:00,26.314609389180063
2025-03-23 03:00,12.812427770521522
2025-03-23 04:00,17.20767030243656
2025-03-23 05:00,22.47675314580506
2025-03-23 06:00,10.380347857405784
2025-03-23 07:00,8.619293372737802
2025-03-23 08:00,13.698394117719547
2025-03-23 09:00,30.49591251895411
2025-03-23 10:00,29.61615871618994
2025-03-23 11:00,17.040551760794767
2025-03-23 12:00,16.999834464010856
2025-03-23 13:00,17.780475442605216
2025-03-23 14:00,11.967683654432568
2025-03-23 15:00,20.449214942091853
2025-03-23 16:00,21.516969896018132
2025-03-23 17:00,21.47365953833917
2025-03-23 18:00,18.883287477803975
2025-03-23 19:00,23.266996342552705
2025-03-23 20:00,9.69699520687156
2025-03-23 21:00,29.970351432713564
2025-03-23 22:00,20.857082190392934
2025-03-23 23:00,18.262801239222156
2025-03-24 00:00,28.90274077205095
2025-03-24 01:00,20.686763768700505
2025-03-24 02:00,21.95414716133326
2025-03-24 03:00,27.802242714737506
2025-03-24 04:00,24.054245235884043
2025-03-24 05:00,27.534648809220375
2025-03-24 06:00,45.30628446998935
2025-03-24 07:00,36.96266838868751
2025-03-24 08:00,51.293300245241674
2025-03-24 09:00,57.930238380528984
2025-03-24 10:00,57.77059428922394
2025-03-24 11:00,56.34773082221726
2025-03-24 12:00,55.475444014357805
2025-03-24 13:00,56.26878504411323
2025-03-24 14:00,56.66201194220531
2025-03-24 15:00,54.98337053580037
2025-03-24 16:00,51.58098435364007
2025-03-24 17:00,47.33678961893836
2025-03-24 18:00,48.314828581451366
2025-03-24 19:00,48.18320603595841
2025-03-24 20:00,43.805024081340264
2025-03-24 21:00,39.70895216999468
2025-03-24 22:00,22.04156210257361
2025-03-24 23:00,26.182908316846085
2025-03-25 00:00,23.7218388141229
2025-03-25 01:00,20.491257322196514
2025-03-25 02:00,24.02383282678652
2025-03-25 03:00,24.0703119241985
2025-03-25 04:00,16.8983861233923
2025-03-25 05:00,9.29247911109825
2025-03-25 06:00,9.329640995204599
2025-03-25 07:00,17.58538451873591
2025-03-25 08:00,23.985394002049862
2025-03-25 09:00,35.68895505754745
2025-03-25 10:00,36.33018445694912
2025-03-25 11:00,48.46339937179881
2025-03-25 12:00,55.26721367882581
2025-03-25 13:00,59.85678396885542
2025-03-25 14:00,59.050434716766595
2025-03-25 15:00,59.94691246573142
2025-03-25 16:00,52.509559898746566
2025-03-25 17:00,39.27920766785082
2025-03-25 18:00,42.86377483386298
2025-03-25 19:00,26.0436255228644
2025-03-25 20:00,11.935266904735789
2025-03-25 21:00,8.84520810395509
2025-03-25 22:00,8.82518814211606
2025-03-25 23:00,8.583057447974033
2025-03-26 00:00,13.159681605122957
2025-03-26 01:00,14.379942423968608
2025-03-26 02:00,10.835667524141703
2025-03-26 03:00,7.895567357246069
2025-03-26 04:00,7.9590773669714086
2025-03-26 05:00,8.209414589521792
2025-03-26 06:00,7.017151766562096
2025-03-26 07:00,6.541036806230565
2025-03-26 08:00,9.597289202423676
2025-03-26 09:00,10.867286065774422
2025-03-26 10:00,14.940146508262401
2025-03-26 11:00,11.076256081220336
2025-03-26 12:00,4.021620701554361
2025-03-26 13:00,17.063590049544693
2025-03-26 14:00,15.053750566492548
2025-03-26 15:00,4.305537327630168
2025-03-26 16:00,3.708264845603488
2025-03-26 17:00,4.34067407765299
2025-03-26 18:00,6.563088581237642
2025-03-26 19:00,14.971588701836108
2025-03-26 20:00,32.390432384481905
2025-03-26 21:00,32.186903121399624
2025-03-26 22:00,38.15748335928655
2025-03-26 23:00,52.73365578037476
2025-03-27 00:00,50.97350459424399
2025-03-27 01:00,47.49406575998385
2025-03-27 02:00,50.515806583278746
2025-03-27 03:00,60.52142136783956
2025-03-27 04:00,59.60982959244929
2025-03-27 05:00,57.83330387522456
2025-03-27 06:00,49.89813968568432
2025-03-27 07:00,54.25008041119897
2025-03-27 08:00,52.418524805987715
2025-03-27 09:00,44.47061922473481
2025-03-27 10:00,35.85934926417745
2025-03-27 11:00,25.8579707884179
2025-03-27 12:00,18.445171999879886
2025-03-27 13:00,12.502990951800736
2025-03-27 14:00,16.358943170511154
2025-03-27 15:00,26.58958059412413
2025-03-27 16:00,16.143051934688657
2025-03-27 17:00,48.70116147120501
2025-03-27 18:00,52.12367224976273
2025-03-27 19:00,45.95054871985952
2025-03-27 20:00,25.76604977622621
2025-03-27 21:00,31.18195248277327
2025-03-27 22:00,30.149831358085308
2025-03-27 23:00,41.40822494126888
2025-03-28 00:00,48.94096730742994
2025-03-28 01:00,52.93801920845524
2025-03-28 02:00,41.40046838876968
2025-03-28 03:00,39.075733249036645
2025-03-28 04:00,44.387165766440646
2025-03-28 05:00,44.070128836710204
2025-03-28 06:00,44.31099108251967
2025-03-28 07:00,44.303374282467956
2025-03-28 08:00,51.52277908291753
2025-03-28 09:00,51.71790255997856
2025-03-28 10:00,53.919043731423386
2025-03-28 11:00,51.903743450327745
2025-03-28 12:00,51.493743584095114
2025-03-28 13:00,53.36057453096956
2025-03-28 14:00,54.11666935851411
2025-03-28 15:00,51.41006846731218
2025-03-28 16:00,50.554824305193264
2025-03-28 17:00,52.6198267461315
2025-03-28 18:00,55.34269302310796
2025-03-28 19:00,54.9746081629858
2025-03-28 20:00,51.50100382667886
2025-03-28 21:00,46.90152488189457
2025-03-28 22:00,47.60024835925524
2025-03-28 23:00,46.75204330863244
2025-03-29 00:00,26.350668098812722
2025-03-29 01:00,15.042388953226316
2025-03-29 02:00,6.581079758432981
2025-03-29 03:00,10.826652236266597
2025-03-29 04:00,5.000714479497731
2025-03-29 05:00,22.170385662483625
2025-03-29 06:00,24.78416181614616
2025-03-29 07:00,16.12471869158608
2025-03-29 08:00,14.168015259811908
2025-03-29 09:00,8.742611806600594
2025-03-29 10:00,7.974211047188978
2025-03-29 11:00,5.368702250318344
2025-03-29 12:00,8.204275834126756
2025-03-29 13:00,14.65837287924907
2025-03-29 14:00,40.32799632390449
2025-03-29 15:00,47.61904083913402
2025-03-29 16:00,42.04032197936411
2025-03-29 17:00,48.22228687999323
2025-03-29 18:00,47.84327012809624
2025-03-29 19:00,46.39971176907333
2025-03-29 20:00,45.65268246907428
2025-03-29 21:00,45.426435198939274
2025-03-29 22:00,29.833788998142307
2025-03-29 23:00,18.062391692833213
2025-03-30 00:00,14.230581419266061
2025-03-30 01:00,10.571827897511223
2025-03-30 02:00,6.891652373802785
2025-03-30 03:00,1.848900856876565
2025-03-30 04:00,0.8583735194099584
2025-03-30 05:00,1.6289222769826237
2025-03-30 06:00,2.004462219064313
2025-03-30 07:00,9.581906330507818
2025-03-30 08:00,17.40799340847248
2025-03-30 09:00,17.264531558410095
2025-03-30 10:00,19.714303559700088
2025-03-30 11:00,14.161673168428594
2025-03-30 12:00,8.2956545239097
2025-03-30 13:00,10.530117393178134
2025-03-30 14:00,9.811162268542862
2025-03-30 15:00,10.710299715989487
2025-03-30 16:00,8.565843887926945
2025-03-30 17:00,6.626116555824766
2025-03-30 18:00,6.67512477080962
2025-03-30 19:00,2.350074333110527
2025-03-30 20:00,5.248051408797551
2025-03-30 21:00,4.755194792115805
2025-03-30 22:00,7.3506649614220825
2025-03-30 23:00,6.318979569734524
2025-03-31 00:00,0.5111629558102132
2025-03-31 01:00,0.8435164455000667
2025-03-31 02:00,0.8416913174921746
2025-03-31 03:00,5.369880650168208
2025-03-31 04:00,6.548822700768605
2025-03-31 05:00,7.868687588447696
2025-03-31 06:00,10.903061747406545
2025-03-31 07:00,2.106377480050751
2025-03-31 08:00,15.284395121513048
2025-03-31 09:00,17.976205742498628
2025-03-31 10:00,3.1364707311383286
2025-03-31 11:00,1.6248803806885141
2025-03-31 12:00,4.647875881017506
2025-03-31 13:00,4.803597983138632
2025-03-31 14:00,1.1130326519151053
2025-03-31 15:00,0.0
2025-03-31 16:00,0.0
2025-03-31 17:00,0.04654717028639255
2025-03-31 18:00,1.113873588095876
2025-03-31 19:00,1.2192127414928635
2025-03-31 20:00,1.418055471803581
2025-03-31 21:00,0.38706057545124667
2025-03-31 22:00,1.611479952711322
2025-03-31 23:00,0.8366001672942386
2025-04-01 00:00,0.018536537576949914
2025-04-01 01:00,0.14112330682950872
2025-04-01 02:00,3.4611207673761375
2025-04-01 03:00,0.0
2025-04-01 04:00,3.7879705478367183
2025-04-01 05:00,4.0235138314553
2025-04-01 06:00,5.447924494085899
2025-04-01 07:00,2.2369399649741033
2025-04-01 08:00,1.41115831127608
2025-04-01 09:00,1.109660447263573
2025-04-01 10:00,2.2354243893033403
2025-04-01 11:00,6.478824342639555
2025-04-01 12:00,5.993599935269191
2025-04-01 13:00,3.7776539685691963
2025-04-01 14:00,6.271931928538913
2025-04-01 15:00,4.031746639977804
2025-04-01 16:00,5.881655186158906
2025-04-01 17:00,8.547635881272672
2025-04-01 18:00,10.02459238126412
2025-04-01 19:00,8.098198629147078
2025-04-01 20:00,2.7883679264814503
2025-04-01 21:00,0.5421038043037092
2025-04-01 22:00,0.15675677850976547
2025-04-01 23:00,0.0
2025-04-02 00:00,0.0
2025-04-02 01:00,0.6285144356094144
2025-04-02 02:00,1.2506902394568495
2025-04-02 03:00,1.8815893933408423
2025-04-02 04:00,2.0942322965497002
2025-04-02 05:00,6.627890900956451
2025-04-02 06:00,12.019462342997942
2025-04-02 07:00,5.648459983330645
2025-04-02 08:00,4.453067397578219
2025-04-02 09:00,0.0
2025-04-02 10:00,0.0
2025-04-02 11:00,9.952522339908928
2025-04-02 12:00,8.917667451624634
2025-04-02 13:00,7.123612773807964
2025-04-02 14:00,15.704337329762668
2025-04-02 15:00,7.83721255410168
2025-04-02 16:00,4.632992904049857
2025-04-02 17:00,7.777490319373293
2025-04-02 18:00,9.685263523973966
2025-04-02 19:00,6.4900526187067245
2025-04-02 20:00,3.490341238809527
2025-04-02 21:00,9.844892043470393
2025-04-02 22:00,3.8314629714943926
2025-04-02 23:00,2.6924174032943555
2025-04-03 00:00,9.449770727256231
2025-04-03 01:00,12.58563256542114
2025-04-03 02:00,19.99206909111221
2025-04-03 03:00,19.133747024158698
2025-04-03 04:00,10.709208559149577
2025-04-03 05:00,12.362624142490015
2025-04-03 06:00,10.32485845895628
2025-04-03 07:00,10.60034326078993
2025-04-03 08:00,14.112955448141008
2025-04-03 09:00,6.618174853536279
2025-04-03 10:00,7.647875268988831
2025-04-03 11:00,3.0928076755431175
2025-04-03 12:00,3.106657671424052
2025-04-03 13:00,12.189331745363214
2025-04-03 14:00,11.021407102533312
2025-04-03 15:00,13.154091842316802
2025-04-03 16:00,19.700023249528513
2025-04-03 17:00,37.661454964307424
2025-04-03 18:00,25.26252297243133
2025-04-03 19:00,17.076821611167805
2025-04-03 20:00,4.123681904878773
2025-04-03 21:00,1.5466181682622602
2025-04-03 22:00,2.056428369920256
2025-04-03 23:00,0.8535390251068409
2025-04-04 00:00,0.39714483712120713
2025-04-04 01:00,0.5594889034219604
2025-04-04 02:00,0.5891677367576438
2025-04-04 03:00,0.682677288526292
2025-04-04 04:00,2.1019782607684774
2025-04-04 05:00,0.9968954503548207
2025-04-04 06:00,0.0
2025-04-04 07:00,0.0
2025-04-04 08:00,0.20893978026944046
2025-04-04 09:00,0.011677408515166443
2025-04-04 10:00,0.49227557527361127
2025-04-04 11:00,4.686645963528838
2025-04-04 12:00,4.065150613026238
2025-04-04 13:00,20.282381928433686
2025-04-04 14:00,20.950566106795556
2025-04-04 15:00,19.36413191939789
2025-04-04 16:00,9.256184473008236
2025-04-04 17:00,1.452795826721635
2025-04-04 18:00,1.4097586572498515
2025-04-04 19:00,1.0583735285178468
2025-04-04 20:00,0.20824168084220185
2025-04-04 21:00,0.44227159786083275
2025-04-04 22:00,0.3467180456022086
2025-04-04 23:00,0.949225507342106
2025-04-05 00:00,2.4360454113832914
2025-04-05 01:00,3.155414245940141
2025-04-05 02:00,4.813767124547427
2025-04-05 03:00,6.830274106405268
2025-04-05 04:00,7.521793191415494
2025-04-05 05:00,9.825053214322011
2025-04-05 06:00,9.166789704854345
2025-04-05 07:00,9.088141470076728
2025-04-05 08:00,16.074690674392876
2025-04-05 09:00,30.653133823190608
2025-04-05 10:00,16.009753712769033
2025-04-05 11:00,45.906261944433545
2025-04-05 12:00,54.963276553405734
2025-04-05 13:00,49.8540791803264
2025-04-05 14:00,50.443396561103455
2025-04-05 15:00,44.53448191522472
2025-04-05 16:00,39.13287885130896
2025-04-05 17:00,26.75085406193838
2025-04-05 18:00,25.01948369940046
2025-04-05 19:00,40.5033324274214
2025-04-05 20:00,7.404958086237155
2025-04-05 21:00,4.673519361908358
2025-04-05 22:00,2.350876253171531
2025-04-05 23:00,1.3893266607023051
2025-04-06 00:00,10.163033630333631
2025-04-06 01:00,12.53638400763553
2025-04-06 02:00,4.290490363116434
2025-04-06 03:00,4.249582173932535
2025-04-06 04:00,3.106267076328243
2025-04-06 05:00,1.583600547242733
2025-04-06 06:00,0.7523374893256539
2025-04-06 07:00,1.107624874216727
2025-04-06 08:00,2.8403212943791516
2025-04-06 09:00,2.7450952941076485
2025-04-06 10:00,4.74060497447213
2025-04-06 11:00,9.472380219025045
2025-04-06 12:00,16.023167246799055
2025-04-06 13:00,16.711935702500792
2025-04-06 14:00,25.318840496466226
2025-04-06 15:00,34.88164630675628
2025-04-06 16:00,23.433055359532723
2025-04-06 17:00,17.536262205799897
2025-04-06 18:00,16.794785514844648
2025-04-06 19:00,5.545803863155652
2025-04-06 20:00,3.6733535464483453
2025-04-06 21:00,1.6314722956951826
2025-04-06 22:00,0.4291325850664768
2025-04-06 23:00,2.707204993173178
2025-04-07 00:00,6.254924057121334
2025-04-07 01:00,0.0
2025-04-07 02:00,0.8309628869284067
2025-04-07 03:00,0.5699887994909012
2025-04-07 04:00,1.391198584020167
2025-04-07 05:00,2.444457576010313
2025-04-07 06:00,7.251512954877533
2025-04-07 07:00,1.9541770702817853
2025-04-07 08:00,1.472771678557974
2025-04-07 09:00,0.9741917065799761
2025-04-07 10:00,12.533753734228133
2025-04-07 11:00,20.47838967701371
2025-04-07 12:00,38.69417978341681
2025-04-07 13:00,39.71219345197431
2025-04-07 14:00,48.512086892694725
2025-04-07 15:00,48.02428406718606
2025-04-07 16:00,44.330475112443196
2025-04-07 17:00,43.6148551707163
2025-04-07 18:00,45.07339083851875
2025-04-07 19:00,45.995330913110635
2025-04-07 20:00,41.85335722537241
2025-04-07 21:00,43.33418006815934
2025-04-07 22:00,44.384689141756105
2025-04-07 23:00,44.82245986544279
2025-04-08 00:00,52.17025120815456
2025-04-08 01:00,51.19723128027186
2025-04-08 02:00,41.74766284780589
2025-04-08 03:00,31.75395122890859
2025-04-08 04:00,16.3049438228303
2025-04-08 05:00,34.597693936338814
2025-04-08 06:00,45.876820525650636
2025-04-08 07:00,28.22719158327636
2025-04-08 08:00,23.41334958436192
2025-04-08 09:00,23.936679384777634
2025-04-08 10:00,21.40415007913123
2025-04-08 11:00,10.163883358343915
2025-04-08 12:00,5.221509637909156
2025-04-08 13:00,8.394805263282196
2025-04-08 14:00,4.455118002262857
2025-04-08 15:00,4.799042692951353
2025-04-08 16:00,4.184860316887066
2025-04-08 17:00,3.7857877271882066
2025-04-08 18:00,7.471500952421466
2025-04-08 19:00,4.625324169229999
2025-04-08 20:00,4.653873848713168
2025-04-08 21:00,6.142100046865071
2025-04-08 22:00,10.202773671764046
2025-04-08 23:00,4.034129314852712
2025-04-09 00:00,3.424208543650169
2025-04-09 01:00,1.2853588828074638
2025-04-09 02:00,1.6019337891704344
2025-04-09 03:00,1.0543036907544747
2025-04-09 04:00,1.7363561484243015
2025-04-09 05:00,0.7506196949781185
2025-04-09 06:00,5.306554072841439
2025-04-09 07:00,2.2997215223529044
2025-04-09 08:00,1.4229414684206554
2025-04-09 09:00,0.5590484489764859
2025-04-09 10:00,1.087393352512044
2025-04-09 11:00,0.3354762034355708
2025-04-09 12:00,3.6088426088326804
2025-04-09 13:00,4.437396498197978
2025-04-09 14:00,9.390259151309426
2025-04-09 15:00,26.262692724966712
2025-04-09 16:00,20.194626577117564
2025-04-09 17:00,1.9027534280907403
2025-04-09 18:00,25.64697110331273
2025-04-09 19:00,5.941732921016219
2025-04-09 20:00,3.3219154668289383
2025-04-09 21:00,2.8296655283022063
2025-04-09 22:00,3.5016621798815692
2025-04-09 23:00,4.324837919209959
2025-04-10 00:00,2.2609000063932907
2025-04-10 01:00,3.463917294934796
2025-04-10 02:00,3.8770755977199824
2025-04-10 03:00,4.36073886437562
2025-04-10 04:00,5.815073919460137
2025-04-10 05:00,11.19673170679705
2025-04-10 06:00,6.189394758637121
2025-04-10 07:00,3.6832774933515666
2025-04-10 08:00,4.709977197145759
2025-04-10 09:00,3.973313578444214
2025-04-10 10:00,5.911774309732836
2025-04-10 11:00,4.383740576154904
2025-04-10 12:00,6.860819905718446
2025-04-10 13:00,6.904514009417537
2025-04-10 14:00,14.055476847050599
2025-04-10 15:00,15.633337978362059
2025-04-10 16:00,10.215818767200522
2025-04-10 17:00,7.152126551770471
2025-04-10 18:00,8.511585575839854
2025-04-10 19:00,7.0519752028821765
2025-04-10 20:00,5.424195538634748
2025-04-10 21:00,3.8402348175735326
2025-04-10 22:00,6.840945784196765
2025-04-10 23:00,5.218177740365873
2025-04-11 00:00,7.067311054225438
2025-04-11 01:00,6.48522051469282
2025-04-11 02:00,7.617259314258977
2025-04-11 03:00,5.655357060784183
2025-04-11 04:00,7.778007944640176
2025-04-11 05:00,3.886274080745704
2025-04-11 06:00,2.420303465218911
2025-04-11 07:00,2.4029161573858864
2025-04-11 08:00,0.12352642885660052
2025-04-11 09:00,0.9982386714670783
2025-04-11 10:00,0.33342943903801275
2025-04-11 11:00,0.8090589124267996
2025-04-11 12:00,0.44332658888009163
2025-04-11 13:00,1.341596359160844
2025-04-11 14:00,2.7268202096118745
2025-04-11 15:00,3.2385021543404315
2025-04-11 16:00,3.2293044165114937
2025-04-11 17:00,3.8119903348418642
2025-04-11 18:00,2.510140845677932
2025-04-11 19:00,3.4051228443160766
2025-04-11 20:00,0.0
2025-04-11 21:00,2.2292709848495535
2025-04-11 22:00,1.0262073602675166
2025-04-11 23:00,0.011272807869087395
2025-04-12 00:00,0.7255088780177721
2025-04-12 01:00,1.264963909087677
2025-04-12 02:00,3.130409726010627
2025-04-12 03:00,8.517078062826073
2025-04-12 04:00,16.823528795313372
2025-04-12 05:00,13.665785738077668
2025-04-12 06:00,18.173989345425298
2025-04-12 07:00,19.318813372070906
2025-04-12 08:00,34.48329256445764
2025-04-12 09:00,48.644085578929285
2025-04-12 10:00,50.7004773002049
2025-04-12 11:00,53.210648625547734
2025-04-12 12:00,53.517899119603605
2025-04-12 13:00,49.99195957020319
2025-04-12 14:00,48.898649436173116
2025-04-12 15:00,49.84748669178741
2025-04-12 16:00,54.01448313001439
2025-04-12 17:00,53.03660421929093
2025-04-12 18:00,53.37119130412779
2025-04-12 19:00,57.72839993374714
2025-04-12 20:00,53.406184887019144
2025-04-12 21:00,55.69822879917479
2025-04-12 22:00,58.36806822664195
2025-04-12 23:00,44.9025889420662
2025-04-13 00:00,45.82752928623379
2025-04-13 01:00,14.255975279366679
2025-04-13 02:00,6.817442529390201
2025-04-13 03:00,10.461451080243643
2025-04-13 04:00,19.763460593654493
2025-04-13 05:00,21.411534387662172
2025-04-13 06:00,47.30870508157515
2025-04-13 07:00,44.143651884606264
2025-04-13 08:00,46.37072229122744
2025-04-13 09:00,36.844543174757575
2025-04-13 10:00,40.00582879337312
2025-04-13 11:00,34.31569970333908
2025-04-13 12:00,43.32586277491129
2025-04-13 13:00,39.28961052662699
2025-04-13 14:00,39.565124312062835
2025-04-13 15:00,34.159430867787606
2025-04-13 16:00,38.91519453837356
2025-04-13 17:00,32.52513264642888
2025-04-13 18:00,35.88761860396068
2025-04-13 19:00,42.13808170937758
2025-04-13 20:00,43.04366615898103
2025-04-13 21:00,33.82824693361056
2025-04-13 22:00,41.41019180323084
2025-04-13 23:00,41.240760540684256
2025-04-14 00:00,40.918064827651406
2025-04-14 01:00,47.44584433683549
2025-04-14 02:00,51.7310814491243
2025-04-14 03:00,50.38755211867825
2025-04-14 04:00,57.64727201335211
2025-04-14 05:00,47.274329558541694
2025-04-14 06:00,46.29950334468323
2025-04-14 07:00,44.32893301463466
2025-04-14 08:00,43.90898899556382
2025-04-14 09:00,22.147156482539046
2025-04-14 10:00,36.65097166705541
2025-04-14 11:00,41.795211588158544
2025-04-14 12:00,50.567580481996835
2025-04-14 13:00,31.373433137428314
2025-04-14 14:00,34.00995036109826
2025-04-14 15:00,32.5939548449482
2025-04-14 16:00,32.87718482074507
2025-04-14 17:00,22.23999043630437
2025-04-14 18:00,23.898973475664967
2025-04-14 19:00,24.93129062772112
2025-04-14 20:00,52.28518522827145
2025-04-14 21:00,56.222053665624486
2025-04-14 22:00,48.27185625485329
2025-04-14 23:00,44.118734299917854
2025-04-15 00:00,36.54803605116953
2025-04-15 01:00,37.74657130575673
2025-04-15 02:00,37.84187709610539
2025-04-15 03:00,39.55487735210187
2025-04-15 04:00,26.519518013446778
2025-04-15 05:00,20.94376937801476
2025-04-15 06:00,16.160757603820446
2025-04-15 07:00,12.81916572802309
2025-04-15 08:00,21.66688707624668
2025-04-15 09:00,31.688405319758637
2025-04-15 10:00,31.064590041904992
2025-04-15 11:00,27.352025958109202
2025-04-15 12:00,36.92152271419691
2025-04-15 13:00,29.316769158083222
2025-04-15 14:00,28.197714501074508
2025-04-15 15:00,29.660561280350635
2025-04-15 16:00,35.20448669845098
2025-04-15 17:00,32.45048304520152
2025-04-15 18:00,15.421746005065735
2025-04-15 19:00,9.308163602960459
2025-04-15 20:00,2.4908213051308548
2025-04-15 21:00,3.775250845452551
2025-04-15 22:00,5.476143962721046
2025-04-15 23:00,5.4184403105873455
2025-04-16 00:00,5.101515876857713
2025-04-16 01:00,5.355799402600744
2025-04-16 02:00,7.281702695882772
2025-04-16 03:00,6.973366011352042
2025-04-16 04:00,6.678989527995943
2025-04-16 05:00,4.88895369226758
2025-04-16 06:00,17.40983671090727
2025-04-16 07:00,17.408709937985954
2025-04-16 08:00,19.69696975851062
2025-04-16 09:00,31.043936349832517
2025-04-16 10:00,39.40722105834044
2025-04-16 11:00,44.25920866765104
2025-04-16 12:00,52.61617523146348
2025-04-16 13:00,50.18787616491911
2025-04-16 14:00,50.353902401876006
2025-04-16 15:00,50.95231459594558
2025-04-16 16:00,54.95822979562441
2025-04-16 17:00,48.385946005992466
2025-04-16 18:00,44.55155181814934
2025-04-16 19:00,47.36961061410521
2025-04-16 20:00,48.68796344775232
2025-04-16 21:00,48.82945494017968
2025-04-16 22:00,54.39333087551701
2025-04-16 23:00,54.82060200813564
2025-04-17 00:00,55.596700125988875
2025-04-17 01:00,54.85821768736503
2025-04-17 02:00,50.942303257863344
2025-04-17 03:00,51.250889406945156
2025-04-17 04:00,54.112452089570446
2025-04-17 05:00,54.709053881742626
2025-04-17 06:00,54.86664695879216
2025-04-17 07:00,54.87114499545118
2025-04-17 08:00,55.94864602041365
2025-04-17 09:00,55.881697386818765
2025-04-17 10:00,56.8663363850443
2025-04-17 11:00,58.36806811073471
2025-04-17 12:00,57.771022328391666
2025-04-17 13:00,57.91225729281394
2025-04-17 14:00,56.64763959049537
2025-04-17 15:00,49.88786974524602
2025-04-17 16:00,33.10774498906155
2025-04-17 17:00,27.505892643590332
2025-04-17 18:00,37.383683453202444
2025-04-17 19:00,52.24076674612227
2025-04-17 20:00,46.06262325401002
2025-04-17 21:00,42.02513746512799
2025-04-17 22:00,41.46685310558618
2025-04-17 23:00,44.056657845821775
2025-04-18 00:00,47.9158752225453
2025-04-18 01:00,39.98372458663814
2025-04-18 02:00,41.38389644049754
2025-04-18 03:00,46.57744917904216
2025-04-18 04:00,43.100161487053064
2025-04-18 05:00,40.725379276220956
2025-04-18 06:00,41.87753920284145
2025-04-18 07:00,38.939168588187236
2025-04-18 08:00,48.87002448277313
2025-04-18 09:00,46.18883791399527
2025-04-18 10:00,43.823876570324536
2025-04-18 11:00,29.37318097457938
2025-04-18 12:00,16.499444308115592
2025-04-18 13:00,16.16196474796193
2025-04-18 14:00,14.356485652068939
2025-04-18 15:00,15.164178264039087
2025-04-18 16:00,28.91432492465428
2025-04-18 17:00,23.606829985608883
2025-04-18 18:00,7.080988738340663
2025-04-18 19:00,3.4633449987498794
2025-04-18 20:00,0.0
2025-04-18 21:00,14.839142213239262
2025-04-18 22:00,26.31131963840448
2025-04-18 23:00,23.429443574070092
2025-04-19 00:00,13.85485335758811
2025-04-19 01:00,13.250464246734456
2025-04-19 02:00,20.636847537591738
2025-04-19 03:00,34.620565323206854
2025-04-19 04:00,31.249237694253857
2025-04-19 05:00,21.945893564576107
2025-04-19 06:00,32.46646434460338
2025-04-19 07:00,33.88466012681289
2025-04-19 08:00,35.87884472519541
2025-04-19 09:00,34.56103754690611
2025-04-19 10:00,39.396100210892236
2025-04-19 11:00,44.916417037880116
2025-04-19 12:00,54.52154156812049
2025-04-19 13:00,54.580487696474094
2025-04-19 14:00,50.63204262758885
2025-04-19 15:00,45.45108712717478
2025-04-19 16:00,50.61338525397878
2025-04-19 17:00,51.36531174956178
2025-04-19 18:00,51.40366090601469
2025-04-19 19:00,36.54640545746812
2025-04-19 20:00,13.764153835675723
2025-04-19 21:00,6.851673860197405
2025-04-19 22:00,6.229759038744484
2025-04-19 23:00,9.67254246281381
2025-04-20 00:00,9.154593653069117
2025-04-20 01:00,5.756071104989523
2025-04-20 02:00,8.466411808496725
2025-04-20 03:00,4.657482147219423
2025-04-20 04:00,3.4007309275171766
2025-04-20 05:00,6.1773262767585715
2025-04-20 06:00,11.773654963708616
2025-04-20 07:00,8.972106032701166
2025-04-20 08:00,15.682639419275462
2025-04-20 09:00,9.5845401977299
2025-04-20 10:00,4.211503697828037
2025-04-20 11:00,2.9562354311672503
2025-04-20 12:00,9.793654768212695
2025-04-20 13:00,4.943200813926894
2025-04-20 14:00,4.989218615222032
2025-04-20 15:00,2.9937350607514994
2025-04-20 16:00,3.67119237014423
2025-04-20 17:00,3.256358848991347
2025-04-20 18:00,3.5751035611968605
2025-04-20 19:00,1.0095180575976743
2025-04-20 20:00,3.5210375795456077
2025-04-20 21:00,1.6108167195194445
2025-04-20 22:00,1.421346091612893
2025-04-20 23:00,2.279638782974142
2025-04-21 00:00,1.161432142998437
2025-04-21 01:00,0.8242268670260607
2025-04-21 02:00,0.19497613890151497
2025-04-21 03:00,0.3780470564405789
2025-04-21 04:00,0.16455961339591463
2025-04-21 05:00,0.26546533899706953
2025-04-21 06:00,2.039876687812018
2025-04-21 07:00,1.9102480891798848
2025-04-21 08:00,1.1561700618064692
2025-04-21 09:00,0.9952379237467278
2025-04-21 10:00,1.2960786411390992
2025-04-21 11:00,0.5280589518689736
2025-04-21 12:00,2.3882612856931065
2025-04-21 13:00,16.12183482701458
2025-04-21 14:00,6.0919567051876085
2025-04-21 15:00,1.060768895684121
2025-04-21 16:00,5.538072254624364
2025-04-21 17:00,5.67717475844776
2025-04-21 18:00,3.9526061948676245
2025-04-21 19:00,0.0
2025-04-21 20:00,0.37485410867098423
2025-04-21 21:00,0.1842812494985801
2025-04-21 22:00,0.5891386773823989
2025-04-21 23:00,0.2954027198592712
2025-04-22 00:00,0.4519091780711075
2025-04-22 01:00,0.5366997491432257
2025-04-22 02:00,1.7744982883610778
2025-04-22 03:00,2.014955864433631
2025-04-22 04:00,6.4134893185418225
2025-04-22 05:00,12.91235866634332
2025-04-22 06:00,5.86859472028321
2025-04-22 07:00,38.50385564249729
2025-04-22 08:00,46.0877380934041
2025-04-22 09:00,31.152905502406952
2025-04-22 10:00,48.95827553043174
2025-04-22 11:00,50.34931707644825
2025-04-22 12:00,48.786966132347274
2025-04-22 13:00,49.69002416425784
2025-04-22 14:00,50.67639082858387
2025-04-22 15:00,47.15795472641621
2025-04-22 16:00,45.95393888212058
2025-04-22 17:00,50.475208508303446
2025-04-22 18:00,48.20981360593906
2025-04-22 19:00,27.04659927275687
2025-04-22 20:00,6.262412833823025
2025-04-22 21:00,11.162703077658046
2025-04-22 22:00,9.498509696671723
2025-04-22 23:00,8.884960120944145
2025-04-23 00:00,8.854507846708934
2025-04-23 01:00,14.2324001118782
2025-04-23 02:00,14.447846766262016
2025-04-23 03:00,8.721834223318908
2025-04-23 04:00,15.256782026450495
2025-04-23 05:00,11.40476501808423
2025-04-23 06:00,17.968797351795534
2025-04-23 07:00,7.466839303430854
2025-04-23 08:00,10.232178890138915
2025-04-23 09:00,2.84920494348064
2025-04-23 10:00,5.555619906126319
2025-04-23 11:00,5.585979482003339
2025-04-23 12:00,4.657000772605875
2025-04-23 13:00,5.274976090356279
2025-04-23 14:00,5.120863887045502
2025-04-23 15:00,3.616133765813303
2025-04-23 16:00,6.7360222143630395
2025-04-23 17:00,4.776714018978089
2025-04-23 18:00,6.122491173113944
2025-04-23 19:00,6.4264850289973205
2025-04-23 20:00,7.080746572407395
2025-04-23 21:00,2.8197148924451945
2025-04-23 22:00,3.016148887879047
2025-04-23 23:00,3.66326220176661
2025-04-24 00:00,3.0120866819505197
2025-04-24 01:00,4.832686900624145
2025-04-24 02:00,7.151916863123618
2025-04-24 03:00,7.0466668227478255
2025-04-24 04:00,7.450700416182558
2025-04-24 05:00,5.555178751904932
2025-04-24 06:00,5.421595641127727
2025-04-24 07:00,5.293589455546351
2025-04-24 08:00,8.012506691221414
2025-04-24 09:00,14.025540218181161
2025-04-24 10:00,9.850798555911735
2025-04-24 11:00,12.315803157628213
2025-04-24 12:00,10.532740090314267
2025-04-24 13:00,19.44780859343246
2025-04-24 14:00,17.125679009360013
2025-04-24 15:00,5.841231388428454
2025-04-24 16:00,8.635590575546592
2025-04-24 17:00,17.029986757691137
2025-04-24 18:00,39.667549333624436
2025-04-24 19:00,34.141732114570644
2025-04-24 20:00,33.12204210448098
2025-04-24 21:00,29.125067072344986
2025-04-24 22:00,25.796019242155506
2025-04-24 23:00,25.566378862870348
2025-04-25 00:00,33.315220686288505
2025-04-25 01:00,21.451079952177334
2025-04-25 02:00,20.02141041380229
2025-04-25 03:00,22.962565345849953
2025-04-25 04:00,25.38113716424587
2025-04-25 05:00,25.816255510814614
2025-04-25 06:00,26.472434701846915
2025-04-25 07:00,19.69107308141092
2025-04-25 08:00,15.004120435040623
2025-04-25 09:00,5.853730262547048
2025-04-25 10:00,6.256765873032388
2025-04-25 11:00,4.331049103083424
2025-04-25 12:00,4.512807197680794
2025-04-25 13:00,4.279769068874997
2025-04-25 14:00,5.223870650165721
2025-04-25 15:00,8.896451224511672
2025-04-25 16:00,7.474813588796884
2025-04-25 17:00,8.878558760597409
2025-04-25 18:00,5.734689549474026
2025-04-25 19:00,3.2394260102600514
2025-04-25 20:00,3.510688003587674
2025-04-25 21:00,1.353879414918859
2025-04-25 22:00,0.7987119426444578
2025-04-25 23:00,0.812122439147808
2025-04-26 00:00,1.7750665077753551
2025-04-26 01:00,1.760788628234342
2025-04-26 02:00,1.003119054988853
2025-04-26 03:00,1.4979465970028363
2025-04-26 04:00,2.243424801295785
2025-04-26 05:00,4.801992214796061
2025-04-26 06:00,7.857198790698126
2025-04-26 07:00,0.7104464248407475
2025-04-26 08:00,0.35756181095056977
2025-04-26 09:00,0.0
2025-04-26 10:00,4.018753417957348
2025-04-26 11:00,11.828700796801058
2025-04-26 12:00,5.479626409904402
2025-04-26 13:00,8.349492383428505
2025-04-26 14:00,9.331414934572361
2025-04-26 15:00,23.413245889707948
2025-04-26 16:00,22.877000969172723
2025-04-26 17:00,20.126634461978103
2025-04-26 18:00,10.858706262628713
2025-04-26 19:00,10.876927862489891
2025-04-26 20:00,13.887991405846929
2025-04-26 21:00,35.25923649224089
2025-04-26 22:00,30.49859000199007
2025-04-26 23:00,22.078465635259253
2025-04-27 00:00,16.020764824984013
2025-04-27 01:00,36.316461204936324
2025-04-27 02:00,13.824464153482502
2025-04-27 03:00,8.61562009832985
2025-04-27 04:00,6.756469318397129
2025-04-27 05:00,17.446671286837077
2025-04-27 06:00,10.979326811909301
2025-04-27 07:00,27.146566138031066
2025-04-27 08:00,21.711704578698896
2025-04-27 09:00,9.913334911502425
2025-04-27 10:00,5.103718687955332
2025-04-27 11:00,6.134891923180674
2025-04-27 12:00,10.56516201498183
2025-04-27 13:00,11.396805159641444
2025-04-27 14:00,9.255751923325267
2025-04-27 15:00,5.079974530031227
2025-04-27 16:00,1.2888991402735188
2025-04-27 17:00,0.7963787543414539
2025-04-27 18:00,1.1737570361437815
2025-04-27 19:00,1.7779718091207022
2025-04-27 20:00,1.6841024476499034
2025-04-27 21:00,13.65942069853681
2025-04-27 22:00,12.323463125559162
2025-04-27 23:00,2.8140508752581432
2025-04-28 00:00,0.0
2025-04-28 01:00,1.0910547811014517
2025-04-28 02:00,0.14948044229843274
2025-04-28 03:00,0.18136301519767595
2025-04-28 04:00,3.3808682833213277
2025-04-28 05:00,1.1668572464801665
2025-04-28 06:00,0.30723126253950334
2025-04-28 07:00,0.0
2025-04-28 08:00,1.0417304346562102
2025-04-28 09:00,6.76931821347924
2025-04-28 10:00,5.9609932794845815
2025-04-28 11:00,11.147145820234588
2025-04-28 12:00,8.093818968409
2025-04-28 13:00,13.139791970122085
2025-04-28 14:00,32.06602226520336
2025-04-28 15:00,22.444219046136308
2025-04-28 16:00,47.323229276401435
2025-04-28 17:00,50.585009690189416
2025-04-28 18:00,47.490271565439635
2025-04-28 19:00,41.352723084652006
2025-04-28 20:00,25.497670603258296
2025-04-28 21:00,12.168351511380916
2025-04-28 22:00,3.947365052752311
2025-04-28 23:00,3.676965599929832
2025-04-29 00:00,2.72942459604756
2025-04-29 01:00,2.176776475523476
2025-04-29 02:00,3.038664146708599
2025-04-29 03:00,2.9927506554446115
2025-04-29 04:00,4.6483931641615275
2025-04-29 05:00,4.116919353065678
2025-04-29 06:00,4.079852529782932
2025-04-29 07:00,1.191332143127717
2025-04-29 08:00,1.5308379548746252
2025-04-29 09:00,0.6247198690415825
2025-04-29 10:00,0.6101209264718704
2025-04-29 11:00,0.7465469367259526
2025-04-29 12:00,1.1098069986403791
2025-04-29 13:00,1.2334504458919713
2025-04-29 14:00,1.825649954451718
2025-04-29 15:00,2.9362507745886153
2025-04-29 16:00,1.3320011662010907
2025-04-29 17:00,3.45636430623598
2025-04-29 18:00,7.523305223001468
2025-04-29 19:00,4.0620128318854345
2025-04-29 20:00,9.384366330482573
2025-04-29 21:00,16.58935277234967
2025-04-29 22:00,28.98441153458154
2025-04-29 23:00,37.12202672552707
2025-04-30 00:00,22.138343782447325
2025-04-30 01:00,30.544976433870676
2025-04-30 02:00,40.31769153929099
2025-04-30 03:00,38.25431451488605
2025-04-30 04:00,39.19394206416501
2025-04-30 05:00,37.4354841396029
2025-04-30 06:00,41.52767011799311
2025-04-30 07:00,45.53190089859045
2025-04-30 08:00,39.52423485359891
2025-04-30 09:00,39.40988155074964
2025-04-30 10:00,41.57581374433132
2025-04-30 11:00,37.7281607500639
2025-04-30 12:00,43.372105739195696
2025-04-30 13:00,48.76754850227521
2025-04-30 14:00,43.484252365157104
2025-04-30 15:00,43.49734549050655
2025-04-30 16:00,43.03654103182756
2025-04-30 17:00,39.298956535411904
2025-04-30 18:00,28.98537081418385
2025-04-30 19:00,23.60525268343161
2025-04-30 20:00,33.657021247168856
2025-04-30 21:00,43.15281527086024
2025-04-30 22:00,43.13330682925719
2025-04-30 23:00,38.68448028701845
2025-05-01 00:00,33.15253261600878
2025-05-01 01:00,52.116139575125175
2025-05-01 02:00,48.33352101067079
2025-05-01 03:00,43.15134955584986
2025-05-01 04:00,44.85872567960857
2025-05-01 05:00,49.51391910117112
2025-05-01 06:00,51.10864032009655
2025-05-01 07:00,50.709244141394514
2025-05-01 08:00,54.265417307593815
2025-05-01 09:00,55.774296008886566
2025-05-01 10:00,55.424242804222054
2025-05-01 11:00,54.73206067535918
2025-05-01 12:00,54.102986300233525
2025-05-01 13:00,44.43127970739198
2025-05-01 14:00,35.23336456156762
2025-05-01 15:00,17.609271563012886
2025-05-01 16:00,31.926438791538967
2025-05-01 17:00,28.20189758439493
2025-05-01 18:00,24.46657250806047
2025-05-01 19:00,11.701943994339437
2025-05-01 20:00,8.55695761433062
2025-05-01 21:00,7.577628171051355
2025-05-01 22:00,10.384076643559217
2025-05-01 23:00,7.516506496310589
2025-05-02 00:00,8.659086357561632
2025-05-02 01:00,10.542577067880607
2025-05-02 02:00,22.319704255961017
2025-05-02 03:00,30.266730847379886
2025-05-02 04:00,34.28964921771682
2025-05-02 05:00,22.136161316292622
2025-05-02 06:00,16.59891741652559
2025-05-02 07:00,26.2099658338885
2025-05-02 08:00,44.96608142271817
2025-05-02 09:00,43.97933201213128
2025-05-02 10:00,39.68759416562299
2025-05-02 11:00,44.40888085080639
2025-05-02 12:00,32.83207571100967
2025-05-02 13:00,17.424150214300205
2025-05-02 14:00,14.439956688084887
2025-05-02 15:00,11.057226662938
2025-05-02 16:00,11.38886878291143
2025-05-02 17:00,4.6319745594259905
2025-05-02 18:00,4.431520946766257
2025-05-02 19:00,3.349837654344746
2025-05-02 20:00,0.2677189940055785
2025-05-02 21:00,0.11259516350281694
2025-05-02 22:00,1.770344829079305
2025-05-02 23:00,0.7770740805917276
2025-05-03 00:00,0.0
2025-05-03 01:00,4.115911291084154
2025-05-03 02:00,4.627619297118814
2025-05-03 03:00,2.928188811435813
2025-05-03 04:00,4.822558737120627
2025-05-03 05:00,25.08858798301419
2025-05-03 06:00,32.00819658392266
2025-05-03 07:00,9.668192982533618
2025-05-03 08:00,20.048783455227657
2025-05-03 09:00,24.408454445780436
2025-05-03 10:00,34.246918899501566
2025-05-03 11:00,27.30679972934579
2025-05-03 12:00,14.917097108575264
2025-05-03 13:00,7.272535734385365
2025-05-03 14:00,8.091075338342435
2025-05-03 15:00,24.412568112075217
2025-05-03 16:00,42.14413676803049
2025-05-03 17:00,48.99144270809503
2025-05-03 18:00,48.20888480325238
2025-05-03 19:00,40.823837599333004
2025-05-03 20:00,28.092143140494784
2025-05-03 21:00,28.119754053997
2025-05-03 22:00,23.722181178544204
2025-05-03 23:00,17.181628846673288
2025-05-04 00:00,4.227868492552518
2025-05-04 01:00,7.072621099875588
2025-05-04 02:00,8.175957428820034
2025-05-04 03:00,5.555932324239945
2025-05-04 04:00,5.0723982696326
2025-05-04 05:00,5.9926921346829705
2025-05-04 06:00,5.64496632913578
2025-05-04 07:00,3.7067339960572325
2025-05-04 08:00,4.311084829618033
2025-05-04 09:00,1.957677566048659
2025-05-04 10:00,2.593589453148965
2025-05-04 11:00,3.9044509598037007
2025-05-04 12:00,8.089205777302974
2025-05-04 13:00,16.912635837935987
2025-05-04 14:00,21.450675450784804
2025-05-04 15:00,12.536034057251737
2025-05-04 16:00,14.422886919029855
2025-05-04 17:00,7.334669926245679
2025-05-04 18:00,4.026623641954158
2025-05-04 19:00,2.4790195110625275
2025-05-04 20:00,1.8613602369475362
2025-05-04 21:00,3.1900987384873307
2025-05-04 22:00,3.387227048994074
2025-05-04 23:00,3.8945203470002396
2025-05-05 00:00,1.2614928220791783
2025-05-05 01:00,1.5224846685458613
2025-05-05 02:00,2.3846654166281636
2025-05-05 03:00,1.932893298827546
2025-05-05 04:00,2.003946780663545
2025-05-05 05:00,7.835144488070218
2025-05-05 06:00,4.354822241971159
2025-05-05 07:00,2.9607628440378777
2025-05-05 08:00,3.706925409830791
2025-05-05 09:00,3.2997460890188486
2025-05-05 10:00,1.3627370987126615
2025-05-05 11:00,5.287529128666366
2025-05-05 12:00,1.3986005040170306
2025-05-05 13:00,4.826792805175341
2025-05-05 14:00,5.589717645396815
2025-05-05 15:00,1.4487512217533625
2025-05-05 16:00,1.09004475248113
2025-05-05 17:00,2.8851194692340756
2025-05-05 18:00,11.47430345608514
2025-05-05 19:00,30.34223600038043
2025-05-05 20:00,8.92552225753815
2025-05-05 21:00,8.914300107918082
2025-05-05 22:00,18.426455868654806
2025-05-05 23:00,11.005420058310682
2025-05-06 00:00,10.547338083533631
2025-05-06 01:00,6.184203334707381
2025-05-06 02:00,10.745035604153452
2025-05-06 03:00,9.985635990553968
2025-05-06 04:00,7.777610325440509
2025-05-06 05:00,12.734849941893204
2025-05-06 06:00,13.221625583255475
2025-05-06 07:00,16.789801824752715
2025-05-06 08:00,10.641964594873693
2025-05-06 09:00,2.0539663143238167
2025-05-06 10:00,3.7680323176169237
2025-05-06 11:00,2.9516656374564674
2025-05-06 12:00,1.03177558596367
2025-05-06 13:00,3.682591939424124
2025-05-06 14:00,3.7123292712111917
2025-05-06 15:00,8.909092257237143
2025-05-06 16:00,12.687652009145676
2025-05-06 17:00,7.075295556455631
2025-05-06 18:00,4.213426063895339
2025-05-06 19:00,5.58624505590511
2025-05-06 20:00,5.477637011789977
2025-05-06 21:00,4.608829589570482
2025-05-06 22:00,3.6029710843861573
2025-05-06 23:00,3.7972976921321946
2025-05-07 00:00,5.746261572193184
2025-05-07 01:00,5.643001003835293
2025-05-07 02:00,2.3266715066855923
2025-05-07 03:00,2.8521002682852594
2025-05-07 04:00,3.7312058558891485
2025-05-07 05:00,3.8274170755491634
2025-05-07 06:00,4.077673381280897
2025-05-07 07:00,1.2968762185702727
2025-05-07 08:00,1.1535822509990832
2025-05-07 09:00,0.17317982369139812
2025-05-07 10:00,1.4102042856105585
2025-05-07 11:00,0.5007181261529284
2025-05-07 12:00,2.559578108912754
2025-05-07 13:00,2.182368394838506
2025-05-07 14:00,2.6594483779417852
2025-05-07 15:00,7.30162082449805
2025-05-07 16:00,6.113718346970088
2025-05-07 17:00,5.7677660597623035
2025-05-07 18:00,3.6218779054284385
2025-05-07 19:00,3.207587376764186
2025-05-07 20:00,2.667070773061651
2025-05-07 21:00,1.7213501568362604
2025-05-07 22:00,1.1095600775269971
2025-05-07 23:00,0.8755472948854295
2025-05-08 00:00,0.3551656715978825
2025-05-08 01:00,1.197210452327852
2025-05-08 02:00,5.746480031724452
2025-05-08 03:00,4.171532221757658
2025-05-08 04:00,3.729876781338024
2025-05-08 05:00,7.1890549143902165
2025-05-08 06:00,5.471209311090631
2025-05-08 07:00,3.2053097886763213
2025-05-08 08:00,3.0803053772801645
2025-05-08 09:00,1.1424378512054538
2025-05-08 10:00,0.44927169027927083
2025-05-08 11:00,0.0
2025-05-08 12:00,0.0
2025-05-08 13:00,0.0
2025-05-08 14:00,2.9844741635304177
2025-05-08 15:00,4.720130230354483
2025-05-08 16:00,4.532509421640945
2025-05-08 17:00,4.20330344151166
2025-05-08 18:00,1.63731760427023
2025-05-08 19:00,1.1686456503234122
2025-05-08 20:00,0.6142514011676082
2025-05-08 21:00,1.3832720970723262
2025-05-08 22:00,0.7581420836811757
2025-05-08 23:00,5.034269900378659
2025-05-09 00:00,1.7762880523106879
2025-05-09 01:00,9.794159615235715
2025-05-09 02:00,5.299972389420495
2025-05-09 03:00,23.075103915714777
2025-05-09 04:00,15.72344801151598
2025-05-09 05:00,26.375736440738546
2025-05-09 06:00,23.636282111436472
2025-05-09 07:00,23.422353781862963
2025-05-09 08:00,33.79706826313175
2025-05-09 09:00,36.59426492961207
2025-05-09 10:00,36.18854580422624
2025-05-09 11:00,39.742397254934374
2025-05-09 12:00,43.65191780558207
2025-05-09 13:00,45.95601678942493
2025-05-09 14:00,45.08238885079656
2025-05-09 15:00,47.244477169411525
2025-05-09 16:00,50.04122202542409
2025-05-09 17:00,51.04921966925617
2025-05-09 18:00,55.20899124624459
2025-05-09 19:00,49.206300324163074
2025-05-09 20:00,49.82806079996255
2025-05-09 21:00,53.89272293684116
2025-05-09 22:00,53.77845941383244
2025-05-09 23:00,53.14449490425634
2025-05-10 00:00,52.685032441700606
2025-05-10 01:00,50.97122026040036
2025-05-10 02:00,48.26104024530504
2025-05-10 03:00,46.99276415189668
2025-05-10 04:00,42.710471297996556
2025-05-10 05:00,47.489304737443305
2025-05-10 06:00,44.97797042441186
2025-05-10 07:00,44.42444990720305
2025-05-10 08:00,41.930937043465185
2025-05-10 09:00,43.39647507871959
2025-05-10 10:00,39.691750678751
2025-05-10 11:00,43.82611603323613
2025-05-10 12:00,40.66917933535983
2025-05-10 13:00,41.81923602175633
2025-05-10 14:00,41.111391618707756
2025-05-10 15:00,40.244729242113124
2025-05-10 16:00,35.06742450587987
2025-05-10 17:00,35.096146251932055
2025-05-10 18:00,34.40274157517126
2025-05-10 19:00,32.687298791166015
2025-05-10 20:00,25.173478012833858
2025-05-10 21:00,22.819429275167273
2025-05-10 22:00,16.091377655247328
2025-05-10 23:00,10.869606207155726
2025-05-11 00:00,23.832635421096597
2025-05-11 01:00,13.781636811212815
2025-05-11 02:00,8.280752104806348
2025-05-11 03:00,6.387358817703527
2025-05-11 04:00,5.9226499322596515
2025-05-11 05:00,4.785872886951293
2025-05-11 06:00,6.515769363713971
2025-05-11 07:00,7.639616262338758
2025-05-11 08:00,7.944930980455519
2025-05-11 09:00,8.13741266464769
2025-05-11 10:00,8.13040638358213
2025-05-11 11:00,12.654983138549367
2025-05-11 12:00,14.045694229207285
2025-05-11 13:00,12.051720392521975
2025-05-11 14:00,19.41007124290592
2025-05-11 15:00,11.781476319350347
2025-05-11 16:00,9.630419526840452
2025-05-11 17:00,9.046238172193318
2025-05-11 18:00,7.592346612748275
2025-05-11 19:00,5.558535622026107
2025-05-11 20:00,7.471446871741036
2025-05-11 21:00,11.815400932593828
2025-05-11 22:00,11.65858108864011
2025-05-11 23:00,15.035147133174027
2025-05-12 00:00,13.347295344403253
2025-05-12 01:00,10.977359447023881
2025-05-12 02:00,11.7329043821413
2025-05-12 03:00,11.867706161776734
2025-05-12 04:00,11.138061707793062
2025-05-12 05:00,11.300814747018823
2025-05-12 06:00,10.668518317582699
2025-05-12 07:00,12.70586190909764
2025-05-12 08:00,19.310130820123472
2025-05-12 09:00,7.490850169462766
2025-05-12 10:00,5.94527305881082
2025-05-12 11:00,7.593229390452617
2025-05-12 12:00,13.342371242421294
2025-05-12 13:00,18.458551601073403
2025-05-12 14:00,20.7327411079994
2025-05-12 15:00,21.550521273446307
2025-05-12 16:00,23.82313689371876
2025-05-12 17:00,24.888779440010904
2025-05-12 18:00,20.369459050826535
2025-05-12 19:00,14.72052017343665
2025-05-12 20:00,25.85343441739765
2025-05-12 21:00,25.144601154387374
2025-05-12 22:00,37.73219251245479
2025-05-12 23:00,45.14457481908234
2025-05-13 00:00,40.06612847420346
2025-05-13 01:00,45.83156271688856
2025-05-13 02:00,29.036321125588643
2025-05-13 03:00,27.248158234069038
2025-05-13 04:00,38.286539669185295
2025-05-13 05:00,46.9710694515021
2025-05-13 06:00,35.87081826497119
2025-05-13 07:00,26.497560135305836
2025-05-13 08:00,33.64003075421559
2025-05-13 09:00,34.538048403833976
2025-05-13 10:00,39.21952623158091
2025-05-13 11:00,45.35946500623815
2025-05-13 12:00,43.90344026657968
2025-05-13 13:00,43.38050306524866
2025-05-13 14:00,36.58455313994202
2025-05-13 15:00,32.80850288543594
2025-05-13 16:00,34.266571458076875
2025-05-13 17:00,30.551876577513767
2025-05-13 18:00,30.430275529402937
2025-05-13 19:00,16.472804500940907
2025-05-13 20:00,22.623637622131863
2025-05-13 21:00,21.075377601939522
2025-05-13 22:00,13.256304488051587
2025-05-13 23:00,6.0346865150581745
2025-05-14 00:00,1.1677142096545925
2025-05-14 01:00,12.206698676782736
2025-05-14 02:00,14.048077127929446
2025-05-14 03:00,5.6419883369318775
2025-05-14 04:00,5.4835458563783614
2025-05-14 05:00,4.920792738642913
2025-05-14 06:00,3.651303217832694
2025-05-14 07:00,2.144014964397632
2025-05-14 08:00,0.3365914743896551
2025-05-14 09:00,3.4453069262237475
2025-05-14 10:00,19.296223448623145
2025-05-14 11:00,22.466662420558734
2025-05-14 12:00,32.69284944430117
2025-05-14 13:00,20.722154505465944
2025-05-14 14:00,19.93058953226019
2025-05-14 15:00,20.094034218007668
2025-05-14 16:00,32.37683790494514
2025-05-14 17:00,37.08555133923872
2025-05-14 18:00,29.71741114003614
2025-05-14 19:00,28.229974843763014
2025-05-14 20:00,24.75127261339905
2025-05-14 21:00,29.813271662730422
2025-05-14 22:00,42.71557997101416
2025-05-14 23:00,41.805594503413246
2025-05-15 00:00,27.62812218148458
2025-05-15 01:00,42.84728254580828
2025-05-15 02:00,40.3949274865587
2025-05-15 03:00,43.64546292708599
2025-05-15 04:00,22.849199633922808
2025-05-15 05:00,23.223260637304303
2025-05-15 06:00,25.57120871081379
2025-05-15 07:00,22.46647939663529
2025-05-15 08:00,40.36639243066167
2025-05-15 09:00,30.756550414464353
2025-05-15 10:00,22.978507952397248
2025-05-15 11:00,17.99087796664853
2025-05-15 12:00,25.736465575354494
2025-05-15 13:00,20.392489161293305
2025-05-15 14:00,13.349045475809762
2025-05-15 15:00,22.933629632520976
2025-05-15 16:00,21.617599680694962
2025-05-15 17:00,19.848634817528897
2025-05-15 18:00,18.21217342793975
2025-05-15 19:00,20.28258246358494
2025-05-15 20:00,24.363269233409753
2025-05-15 21:00,23.180384090917116
2025-05-15 22:00,20.956522838608524
2025-05-15 23:00,30.408625347429684
2025-05-16 00:00,8.91435801322514
2025-05-16 01:00,12.65439052032766
2025-05-16 02:00,11.377110037112201
2025-05-16 03:00,15.667003811986147
2025-05-16 04:00,7.265326697406388
2025-05-16 05:00,10.604662052581888
2025-05-16 06:00,1.890356609877885
2025-05-16 07:00,1.6674705833067403
2025-05-16 08:00,0.0
2025-05-16 09:00,4.751657686712296
2025-05-16 10:00,33.667134348178735
2025-05-16 11:00,28.41998292501094
2025-05-16 12:00,31.412327963718365
2025-05-16 13:00,29.18768516405242
2025-05-16 14:00,30.992466392422223
2025-05-16 15:00,25.20153722334518
2025-05-16 16:00,28.337616430578596
2025-05-16 17:00,34.80958160507067
2025-05-16 18:00,24.89655421031093
2025-05-16 19:00,30.93372627791714
2025-05-16 20:00,38.03662186693739
2025-05-16 21:00,32.81493054983383
2025-05-16 22:00,32.505072662864904
2025-05-16 23:00,35.339701931064106
2025-05-17 00:00,30.41832323435889
2025-05-17 01:00,20.800959912124213
2025-05-17 02:00,13.774486584034001
2025-05-17 03:00,7.18950211621832
2025-05-17 04:00,7.0185721603158
2025-05-17 05:00,5.363489480020316
2025-05-17 06:00,2.79136497755911
2025-05-17 07:00,4.702526145490903
2025-05-17 08:00,6.283350182225088
2025-05-17 09:00,10.284505664607913
2025-05-17 10:00,4.8881697942450115
2025-05-17 11:00,2.9057362989636153
2025-05-17 12:00,2.729503341142114
2025-05-17 13:00,0.9540062302356873
2025-05-17 14:00,0.5255530964143547
2025-05-17 15:00,6.748872420775518
2025-05-17 16:00,15.020083719377704
2025-05-17 17:00,18.57056951360361
2025-05-17 18:00,21.301895560391092
2025-05-17 19:00,20.64646027930186
2025-05-17 20:00,26.951224952418148
2025-05-17 21:00,18.007430553645566
2025-05-17 22:00,10.278226821148117
2025-05-17 23:00,26.572547723418634
2025-05-18 00:00,15.376500754516831
2025-05-18 01:00,14.233689342844142
2025-05-18 02:00,15.557560543704154
2025-05-18 03:00,7.1015688573474485
2025-05-18 04:00,6.449209228473237
2025-05-18 05:00,7.271867639461569
2025-05-18 06:00,13.48134672778084
2025-05-18 07:00,17.46887281610723
2025-05-18 08:00,13.811587525229092
2025-05-18 09:00,6.30683365760993
2025-05-18 10:00,3.400265251859705
2025-05-18 11:00,1.8756965765662788
2025-05-18 12:00,3.4813646831536316
2025-05-18 13:00,3.2626581718605343
2025-05-18 14:00,4.428284091004376
2025-05-18 15:00,3.856399299301737
2025-05-18 16:00,3.7849067813225377
2025-05-18 17:00,3.4201411016474497
2025-05-18 18:00,1.3328743129796465
2025-05-18 19:00,2.3604307699682927
2025-05-18 20:00,3.0811601453926816
2025-05-18 21:00,1.8616155677051227
2025-05-18 22:00,0.9324677517105334
2025-05-18 23:00,1.0997909620545512
2025-05-19 00:00,2.427747092542529
2025-05-19 01:00,3.8406770550070575
2025-05-19 02:00,4.42771322564502
2025-05-19 03:00,5.317101057076073
2025-05-19 04:00,3.210433916886667
2025-05-19 05:00,5.055058509898522
2025-05-19 06:00,15.68013456823401
2025-05-19 07:00,33.002980729427875
2025-05-19 08:00,35.6853533091986
2025-05-19 09:00,48.60316574904497
2025-05-19 10:00,50.06284016305165
2025-05-19 11:00,50.33765203657254
2025-05-19 12:00,50.7040455955231
2025-05-19 13:00,50.76238385738251
2025-05-19 14:00,49.10424629994341
2025-05-19 15:00,47.834389179423844
2025-05-19 16:00,46.08989195199002
2025-05-19 17:00,43.23621594877052
2025-05-19 18:00,40.72549706574574
2025-05-19 19:00,39.16196180694897
2025-05-19 20:00,37.546914794639
2025-05-19 21:00,38.31833200223625
2025-05-19 22:00,38.02979435506218
2025-05-19 23:00,40.283100816223616
2025-05-20 00:00,50.86433200041754
2025-05-20 01:00,47.78651321929441
2025-05-20 02:00,38.82207731094365
2025-05-20 03:00,36.09308407439293
2025-05-20 04:00,38.85183964598145
2025-05-20 05:00,34.63762003443809
2025-05-20 06:00,38.01872855078561
2025-05-20 07:00,42.65384469979409
2025-05-20 08:00,34.0909169987407
2025-05-20 09:00,27.150434462965165
2025-05-20 10:00,32.1436163551833
2025-05-20 11:00,31.23209046355606
2025-05-20 12:00,28.807643815404937
2025-05-20 13:00,23.100972486779206
2025-05-20 14:00,25.70632247759089
2025-05-20 15:00,27.05361720102331
2025-05-20 16:00,28.804259012539287
2025-05-20 17:00,20.799527157140023
2025-05-20 18:00,9.912977904851031
2025-05-20 19:00,11.353667981252224
2025-05-20 20:00,11.007338888573718
2025-05-20 21:00,17.345474519002778
2025-05-20 22:00,19.549011340653653
2025-05-20 23:00,12.145071567975213
2025-05-21 00:00,0.9506194340944397
2025-05-21 01:00,2.196492224164262
2025-05-21 02:00,3.6578226891976287
2025-05-21 03:00,15.621938100597967
2025-05-21 04:00,6.330727985487867
2025-05-21 05:00,1.6098300408189552
2025-05-21 06:00,8.0941019051763
2025-05-21 07:00,10.18836506427277
2025-05-21 08:00,30.276212503958973
2025-05-21 09:00,15.894961521163706
2025-05-21 10:00,0.10679738037409453
2025-05-21 11:00,0.0
2025-05-21 12:00,1.6169489424984147
2025-05-21 13:00,1.3983033489651477
2025-05-21 14:00,0.0
2025-05-21 15:00,0.4328450126973685
2025-05-21 16:00,0.5478743881877278
2025-05-21 17:00,0.40741676038960717
2025-05-21 18:00,0.16702652680532848
2025-05-21 19:00,1.5492073808948754
2025-05-21 20:00,0.3424284217992588
2025-05-21 21:00,0.2571113900828005
2025-05-21 22:00,0.4985960602151839
2025-05-21 23:00,1.3645432613606183
2025-05-22 00:00,0.8270421005652816
2025-05-22 01:00,5.597950801302652
2025-05-22 02:00,7.345548715986633
2025-05-22 03:00,8.790273279664117
2025-05-22 04:00,7.521035996245207
2025-05-22 05:00,1.4833875817374154
2025-05-22 06:00,4.145301017040794
2025-05-22 07:00,8.466664614682319
2025-05-22 08:00,1.8949756983847492
2025-05-22 09:00,1.4056105977931501
2025-05-22 10:00,0.44674164639686587
2025-05-22 11:00,0.6366761811647683
2025-05-22 12:00,0.5531650382907144
2025-05-22 13:00,2.632949098139875
2025-05-22 14:00,1.8398500932265782
2025-05-22 15:00,3.7310571252439546
2025-05-22 16:00,3.635869175522572
2025-05-22 17:00,5.51234765827746
2025-05-22 18:00,2.039567619234489
2025-05-22 19:00,0.9485029721726521
2025-05-22 20:00,4.157588889896358
2025-05-22 21:00,2.0748065165624285
2025-05-22 22:00,8.345980975226464
2025-05-22 23:00,14.63601743323683
2025-05-23 00:00,5.737873686382752
2025-05-23 01:00,1.4686031300064393
2025-05-23 02:00,1.2665043642423321
2025-05-23 03:00,1.8095321359707421
2025-05-23 04:00,2.139484855809853
2025-05-23 05:00,1.9035796619440175
2025-05-23 06:00,1.3249154162899985
2025-05-23 07:00,1.0510995286056055
2025-05-23 08:00,0.30408809691678734
2025-05-23 09:00,0.0471307478163737
2025-05-23 10:00,0.0
2025-05-23 11:00,0.8794960511258484
2025-05-23 12:00,0.23804435918497438
2025-05-23 13:00,0.39125327511041574
2025-05-23 14:00,0.007304207555584153
2025-05-23 15:00,0.49426845550736004
2025-05-23 16:00,1.368733133399781
2025-05-23 17:00,8.434152288440089
2025-05-23 18:00,6.61015394065652
2025-05-23 19:00,1.5908531736643687
2025-05-23 20:00,7.013344657851171
2025-05-23 21:00,0.6311188192890612
2025-05-23 22:00,0.04260216393452523
2025-05-23 23:00,0.9607605854100486
2025-05-24 00:00,2.5156334037330548
2025-05-24 01:00,1.2174013781372457
2025-05-24 02:00,1.4575940888209042
2025-05-24 03:00,5.153865452233687
2025-05-24 04:00,8.018087028315035
2025-05-24 05:00,4.706294880757847
2025-05-24 06:00,4.768606996098903
2025-05-24 07:00,8.332884739156565
2025-05-24 08:00,6.0486363920335
2025-05-24 09:00,1.9942174451027253
2025-05-24 10:00,1.553864432591928
2025-05-24 11:00,3.8999650429365658
2025-05-24 12:00,3.4166093735641234
2025-05-24 13:00,13.750439830233459
2025-05-24 14:00,16.32518293217891
2025-05-24 15:00,19.67188505685425
2025-05-24 16:00,16.31173962031012
2025-05-24 17:00,12.128117199759924
2025-05-24 18:00,17.87978296120101
2025-05-24 19:00,13.305416119059172
2025-05-24 20:00,7.676744085243429
2025-05-24 21:00,3.856402373791806
2025-05-24 22:00,13.783763264034407
2025-05-24 23:00,21.326332636693124
2025-05-25 00:00,37.09874717014014
2025-05-25 01:00,24.941063352770723
2025-05-25 02:00,18.351946127510963
2025-05-25 03:00,14.048067979291677
2025-05-25 04:00,11.583777700254794
2025-05-25 05:00,8.338743673540222
2025-05-25 06:00,4.540463107542792
2025-05-25 07:00,16.091353420357613
2025-05-25 08:00,5.41781285608893
2025-05-25 09:00,4.678172163972354
2025-05-25 10:00,2.499564660720244
2025-05-25 11:00,1.2603672306832243
2025-05-25 12:00,1.3981163516484294
2025-05-25 13:00,3.4905632819696253
2025-05-25 14:00,4.874158726332062
2025-05-25 15:00,7.969128085231043
2025-05-25 16:00,4.107825711729203
2025-05-25 17:00,4.580711998985458
2025-05-25 18:00,1.5005814680331488
2025-05-25 19:00,1.2482676176475358
2025-05-25 20:00,0.6159895435045373
2025-05-25 21:00,0.964180214542375
2025-05-25 22:00,0.5160486869324504
2025-05-25 23:00,3.7748676997906907
2025-05-26 00:00,1.4485169221937528
2025-05-26 01:00,2.2258436083041335
2025-05-26 02:00,3.185077910121885
2025-05-26 03:00,3.839736684999703
2025-05-26 04:00,0.3268140233868979
2025-05-26 05:00,0.6027779712843963
2025-05-26 06:00,0.49800805294350114
2025-05-26 07:00,0.20607577122777038
2025-05-26 08:00,0.05129216784009393
2025-05-26 09:00,6.9943128441135665
2025-05-26 10:00,0.9007395966406211
2025-05-26 11:00,6.981587555966142
2025-05-26 12:00,7.772842185730095
2025-05-26 13:00,10.107826818784124
2025-05-26 14:00,12.002889357183852
2025-05-26 15:00,7.419133119876827
2025-05-26 16:00,12.358251354255566
2025-05-26 17:00,6.456954740304056
2025-05-26 18:00,4.330224561333978
2025-05-26 19:00,7.31684922450458
2025-05-26 20:00,8.147244799026778
2025-05-26 21:00,8.069624059971156
2025-05-26 22:00,8.252380979625043
2025-05-26 23:00,8.526397716238717
2025-05-27 00:00,5.390250098900865
2025-05-27 01:00,6.375761177050203
2025-05-27 02:00,11.430222753439981
2025-05-27 03:00,8.680245583955154
2025-05-27 04:00,4.66793736319935
2025-05-27 05:00,0.7102878054559839
2025-05-27 06:00,0.2969034894916495
2025-05-27 07:00,0.07452001744961989
2025-05-27 08:00,0.0
2025-05-27 09:00,0.0
2025-05-27 10:00,1.2661189860772617
2025-05-27 11:00,1.8706500767843803
2025-05-27 12:00,3.754703881855048
2025-05-27 13:00,4.277665561047676
2025-05-27 14:00,4.113443001294315
2025-05-27 15:00,4.128284078490822
2025-05-27 16:00,3.9738296717744954
2025-05-27 17:00,3.435860765380226
2025-05-27 18:00,3.6355436710217934
2025-05-27 19:00,1.4396455229927207
2025-05-27 20:00,1.2550845464117526
2025-05-27 21:00,0.5348629883017157
2025-05-27 22:00,1.6058089028528473
2025-05-27 23:00,0.534464444388765
2025-05-28 00:00,0.12103428940725948
2025-05-28 01:00,0.7593296247380258
2025-05-28 02:00,0.3097855790474589
2025-05-28 03:00,0.3432823166274614
2025-05-28 04:00,2.791282229989236
2025-05-28 05:00,0.7680173884998088
2025-05-28 06:00,0.7687341308778435
2025-05-28 07:00,0.047467671904608606
2025-05-28 08:00,0.3152575622518513
2025-05-28 09:00,0.0
2025-05-28 10:00,0.0
2025-05-28 11:00,0.3349098073329
2025-05-28 12:00,0.08294851508659538
2025-05-28 13:00,3.5884675478267565
2025-05-28 14:00,2.6734430414640924
2025-05-28 15:00,3.7216097378025728
2025-05-28 16:00,6.317438652864249
2025-05-28 17:00,7.793213802247035
2025-05-28 18:00,5.548693883228376
2025-05-28 19:00,1.3061044523964545
2025-05-28 20:00,4.172086212462069
2025-05-28 21:00,0.6283127382027235
2025-05-28 22:00,0.18587513576502016
2025-05-28 23:00,0.08494143083030838
2025-05-29 00:00,0.5802533925297172
2025-05-29 01:00,0.0
2025-05-29 02:00,1.13925023390466
2025-05-29 03:00,0.9485185521686472
2025-05-29 04:00,3.1857793703597483
2025-05-29 05:00,3.164647414672869
2025-05-29 06:00,0.8458807979659212
2025-05-29 07:00,0.7437986946906302
2025-05-29 08:00,0.2547054023840873
2025-05-29 09:00,0.3057088527234939
2025-05-29 10:00,0.16655701234012507
2025-05-29 11:00,0.0897129737064981
2025-05-29 12:00,3.2430283127767856
2025-05-29 13:00,3.628151345473573
2025-05-29 14:00,7.937302876243743
2025-05-29 15:00,15.019406840284274
2025-05-29 16:00,25.426424770989527
2025-05-29 17:00,23.651700447021025
2025-05-29 18:00,15.11872163433512
2025-05-29 19:00,11.30109571587472
2025-05-29 20:00,5.656811892446961
2025-05-29 21:00,0.8935061051284698
2025-05-29 22:00,2.6111932679650547
2025-05-29 23:00,0.6513291147347551
2025-05-30 00:00,0.8385143083440629
2025-05-30 01:00,1.6237020229582055
2025-05-30 02:00,0.7890796297447537
2025-05-30 03:00,2.217332037555235
2025-05-30 04:00,1.0755815649645404
2025-05-30 05:00,1.282218752314915
2025-05-30 06:00,1.117801212263058
2025-05-30 07:00,0.23960851796862992
2025-05-30 08:00,0.2803494933877457
2025-05-30 09:00,0.0
2025-05-30 10:00,0.0
2025-05-30 11:00,0.9104431132570137
2025-05-30 12:00,2.0402955545785018
2025-05-30 13:00,3.589682984993954
2025-05-30 14:00,3.8722724260819517
2025-05-30 15:00,4.986771240555632
2025-05-30 16:00,2.808292132071571
2025-05-30 17:00,2.8051905507390966
2025-05-30 18:00,4.549744469646839
2025-05-30 19:00,1.1847381808145856
2025-05-30 20:00,0.47470236251357384
2025-05-30 21:00,0.48032949059369473
2025-05-30 22:00,0.5173673816906603
2025-05-30 23:00,1.0401662435736019
2025-05-31 00:00,1.1630672030275948
2025-05-31 01:00,1.2077894064798944
2025-05-31 02:00,0.8939472881014029
2025-05-31 03:00,1.1936997449118014
2025-05-31 04:00,1.0991350563012674
2025-05-31 05:00,0.43749110260209645
2025-05-31 06:00,0.6011114440454156
2025-05-31 07:00,0.04118967202950076
2025-05-31 08:00,0.0598843232714766
2025-05-31 09:00,0.0430781755352302
2025-05-31 10:00,0.0
2025-05-31 11:00,0.5571474488171143
2025-05-31 12:00,1.2881287101131063
2025-05-31 13:00,2.874849538238305
2025-05-31 14:00,3.551277122754729
2025-05-31 15:00,4.147403674569175
2025-05-31 16:00,3.9464642788331945
2025-05-31 17:00,2.98211118158388
2025-05-31 18:00,3.100601721049002
2025-05-31 19:00,5.633310609364569
2025-05-31 20:00,0.2510124082000141
2025-05-31 21:00,0.0
2025-05-31 22:00,0.424985639042811
2025-05-31 23:00,0.21356485253938384
2025-06-01 00:00,0.887668997049817
2025-06-01 01:00,0.823514950547124
2025-06-01 02:00,0.32136908097511635
2025-06-01 03:00,0.4485415207005943
2025-06-01 04:00,0.6036802116802472
2025-06-01 05:00,1.38241118702914
2025-06-01 06:00,0.031687114555127176
2025-06-01 07:00,0.006421799547995407
2025-06-01 08:00,0.2935645537905245
2025-06-01 09:00,0.0
2025-06-01 10:00,0.0
2025-06-01 11:00,0.7843144620930814
2025-06-01 12:00,0.3505470877975646
2025-06-01 13:00,2.0025212038850517
2025-06-01 14:00,3.1635509207420127
2025-06-01 15:00,4.491235369197311
2025-06-01 16:00,4.882196653416982
2025-06-01 17:00,0.28678853812300903
2025-06-01 18:00,0.8772747068926376
2025-06-01 19:00,0.5875428351143464
2025-06-01 20:00,0.21113989857735083
2025-06-01 21:00,0.2026495574092306
2025-06-01 22:00,4.677806041899108
2025-06-01 23:00,4.10446088594187
2025-06-02 00:00,5.7664790821078995
2025-06-02 01:00,1.2988587247450742
2025-06-02 02:00,2.6028628460128633
2025-06-02 03:00,3.0672734728664706
2025-06-02 04:00,2.0278596343169597
2025-06-02 05:00,2.143294155940674
2025-06-02 06:00,1.7344900112072763
2025-06-02 07:00,0.4781096297187845
2025-06-02 08:00,0.4085233394744521
2025-06-02 09:00,0.18651741167659505
2025-06-02 10:00,0.38060168204723444
2025-06-02 11:00,9.087335355544287
2025-06-02 12:00,0.2581314279907896
2025-06-02 13:00,0.0
2025-06-02 14:00,0.0
2025-06-02 15:00,0.0
2025-06-02 16:00,4.339370074816152
2025-06-02 17:00,7.473634238169399
2025-06-02 18:00,3.9731935026412786
2025-06-02 19:00,1.155728943308171
2025-06-02 20:00,2.5984729012574386
2025-06-02 21:00,1.7721379157474415
2025-06-02 22:00,6.082694215628155
2025-06-02 23:00,4.210396818237543
2025-06-03 00:00,1.185391557197001
2025-06-03 01:00,4.772653147029229
2025-06-03 02:00,5.226249533492899
2025-06-03 03:00,5.7727595420668765
2025-06-03 04:00,5.687658762379819
2025-06-03 05:00,2.061037574912034
2025-06-03 06:00,1.2377010831034105
2025-06-03 07:00,11.18482517582119
2025-06-03 08:00,15.776777671770633
2025-06-03 09:00,10.249900721133288
2025-06-03 10:00,6.725697532055399
2025-06-03 11:00,1.056618257126076
2025-06-03 12:00,1.3235276649485066
2025-06-03 13:00,9.4433944607963
2025-06-03 14:00,14.085325367391691
2025-06-03 15:00,13.239834999734287
2025-06-03 16:00,9.382329701880971
2025-06-03 17:00,5.052287571614698
2025-06-03 18:00,2.6531173995020554
2025-06-03 19:00,1.5137719014289168
2025-06-03 20:00,3.4541328648418013
2025-06-03 21:00,4.778866564509173
2025-06-03 22:00,7.112948855953958
2025-06-03 23:00,5.192654611109693
2025-06-04 00:00,3.954632573941786
2025-06-04 01:00,3.7109045597684363
2025-06-04 02:00,9.291259574464881
2025-06-04 03:00,17.812559275775698
2025-06-04 04:00,20.236319655037704
2025-06-04 05:00,12.843777115122542
2025-06-04 06:00,12.994959313173347
2025-06-04 07:00,13.39774865407106
2025-06-04 08:00,27.14564555263834
2025-06-04 09:00,29.727540879603936
2025-06-04 10:00,28.182809721338966
2025-06-04 11:00,20.881159143754058
2025-06-04 12:00,4.8824312152468305
2025-06-04 13:00,3.0951329112171813
2025-06-04 14:00,8.222533166080437
2025-06-04 15:00,6.241536247464961
2025-06-04 16:00,9.61532657290424
2025-06-04 17:00,2.00442915044321
2025-06-04 18:00,3.4161251865089426
2025-06-04 19:00,1.8988012130586371
2025-06-04 20:00,3.146425971812693
2025-06-04 21:00,1.8112372504692928
2025-06-04 22:00,1.830648036342724
2025-06-04 23:00,3.988469467498327
2025-06-05 00:00,2.3497643990466295
2025-06-05 01:00,2.8847823937441457
2025-06-05 02:00,3.137842699270615
2025-06-05 03:00,3.1244140490004795
2025-06-05 04:00,0.9865257631113716
2025-06-05 05:00,6.772945460837335
2025-06-05 06:00,2.1344319658819417
2025-06-05 07:00,3.374030751663304
2025-06-05 08:00,1.5001583232838984
2025-06-05 09:00,0.20777463490667006
2025-06-05 10:00,0.30717320920647145
2025-06-05 11:00,0.0
2025-06-05 12:00,0.3276334405180267
2025-06-05 13:00,0.9150331672387664
2025-06-05 14:00,6.939308902784098
2025-06-05 15:00,6.550279269992165
2025-06-05 16:00,6.3334491487202556
2025-06-05 17:00,7.479357791743782
2025-06-05 18:00,8.628368632665344
2025-06-05 19:00,9.62706903792318
2025-06-05 20:00,19.700273920455754
2025-06-05 21:00,24.069754523204292
2025-06-05 22:00,33.361571170748675
2025-06-05 23:00,31.24697403269915
2025-06-06 00:00,26.993655385932115
2025-06-06 01:00,23.285136570625347
2025-06-06 02:00,23.84322093117746
2025-06-06 03:00,31.340012005453733
2025-06-06 04:00,34.07271092918978
2025-06-06 05:00,33.9258254285541
2025-06-06 06:00,30.69991210055804
2025-06-06 07:00,27.146640300672953
2025-06-06 08:00,23.492567259529025
2025-06-06 09:00,31.01471823627344
2025-06-06 10:00,20.012395737849204
2025-06-06 11:00,28.153867285472018
2025-06-06 12:00,28.579210365747937
2025-06-06 13:00,30.69131480883787
2025-06-06 14:00,21.49563659617878
2025-06-06 15:00,27.174476855236886
2025-06-06 16:00,21.667780022798386
2025-06-06 17:00,26.312528134516132
2025-06-06 18:00,29.754720947464676
2025-06-06 19:00,7.047165166706885
2025-06-06 20:00,5.253123039794079
2025-06-06 21:00,5.014943532509923
2025-06-06 22:00,8.649173540096697
2025-06-06 23:00,15.493974778062402
2025-06-07 00:00,13.772591285377173
2025-06-07 01:00,13.166071468964281
2025-06-07 02:00,14.934515481980275
2025-06-07 03:00,15.348695493633876
2025-06-07 04:00,9.840257965702923
2025-06-07 05:00,6.674572928188196
2025-06-07 06:00,4.390925670639703
2025-06-07 07:00,1.6671721867061888
2025-06-07 08:00,1.6593576945553135
2025-06-07 09:00,25.575206832726735
2025-06-07 10:00,29.862443215974984
2025-06-07 11:00,23.198873205625855
2025-06-07 12:00,17.05843158467736
2025-06-07 13:00,8.643663137401527
2025-06-07 14:00,8.90481628511415
2025-06-07 15:00,12.46376898187162
2025-06-07 16:00,9.04091934693046
2025-06-07 17:00,5.077260515532975
2025-06-07 18:00,8.751723951518976
2025-06-07 19:00,1.028459746460743
2025-06-07 20:00,0.0
2025-06-07 21:00,0.11126367363781511
2025-06-07 22:00,0.03906175072354797
2025-06-07 23:00,1.0353199837209675
2025-06-08 00:00,0.6428689200083464
2025-06-08 01:00,0.5152421006390362
2025-06-08 02:00,0.3037687663170718
2025-06-08 03:00,1.7718546222781688
2025-06-08 04:00,1.9244746030069264
2025-06-08 05:00,1.1822643356822284
2025-06-08 06:00,1.3750688179645851
2025-06-08 07:00,0.20834115110853038
2025-06-08 08:00,0.7326473954430164
2025-06-08 09:00,1.5665118453846807
2025-06-08 10:00,0.004211749218360552
2025-06-08 11:00,0.14735207435120315
2025-06-08 12:00,0.39192744905064725
2025-06-08 13:00,0.5325487813967158
2025-06-08 14:00,2.9330786974634377
2025-06-08 15:00,4.7850583428324365
2025-06-08 16:00,3.456282091153519
2025-06-08 17:00,3.3815541817236334
2025-06-08 18:00,1.8643406711830608
2025-06-08 19:00,0.48671014515797806
2025-06-08 20:00,0.3415597489813471
2025-06-08 21:00,0.0854197958515925
2025-06-08 22:00,0.4887894617164121
2025-06-08 23:00,0.8000806739543097
2025-06-09 00:00,2.1064566536495604
2025-06-09 01:00,6.755111256804212
2025-06-09 02:00,0.11141486319713151
2025-06-09 03:00,0.17676063451426713
2025-06-09 04:00,0.020898122786518997
2025-06-09 05:00,0.39826486663350374
2025-06-09 06:00,0.6318268572563925
2025-06-09 07:00,0.016358046502288507
2025-06-09 08:00,0.8807707568030914
2025-06-09 09:00,0.48056733931722073
2025-06-09 10:00,1.0707334098364232
2025-06-09 11:00,1.2027070192137406
2025-06-09 12:00,1.04177808425692
2025-06-09 13:00,1.5062693242729388
2025-06-09 14:00,3.8388945298485986
2025-06-09 15:00,3.0625205744964643
2025-06-09 16:00,1.8510180860894858
2025-06-09 17:00,2.46510988268645
2025-06-09 18:00,0.5263014227136934
2025-06-09 19:00,0.43555357340503803
2025-06-09 20:00,0.6086543268330662
2025-06-09 21:00,0.0
2025-06-09 22:00,0.24416413312274646
2025-06-09 23:00,0.0835074526377597
2025-06-10 00:00,0.2709518653217078
2025-06-10 01:00,1.508536399864563
2025-06-10 02:00,2.747811590965154
2025-06-10 03:00,8.306490593699406
2025-06-10 04:00,16.256980592655548
2025-06-10 05:00,8.808996857325962
2025-06-10 06:00,4.1976178057667095
2025-06-10 07:00,24.516075707700743
2025-06-10 08:00,25.0461106181502
2025-06-10 09:00,0.3472099803128031
2025-06-10 10:00,0.0
2025-06-10 11:00,4.915528395818575
2025-06-10 12:00,6.496267760232494
2025-06-10 13:00,3.1302230184999584
2025-06-10 14:00,3.656133654069112
2025-06-10 15:00,8.565752094327488
2025-06-10 16:00,6.2236666605180355
2025-06-10 17:00,3.0394665267956142
2025-06-10 18:00,1.3881121189539039
2025-06-10 19:00,0.5332014176062947
2025-06-10 20:00,0.40173873212918076
2025-06-10 21:00,0.546814713346864
2025-06-10 22:00,5.83437411273063
2025-06-10 23:00,7.038216360443442
2025-06-11 00:00,2.758210190008104
2025-06-11 01:00,1.9109300905063964
2025-06-11 02:00,2.572225924655993
2025-06-11 03:00,4.3037052489814664
2025-06-11 04:00,4.256693269897392
2025-06-11 05:00,1.558961544862167
2025-06-11 06:00,0.40292678487455286
2025-06-11 07:00,0.5803344762449781
2025-06-11 08:00,0.054231805954198985
2025-06-11 09:00,0.7007323562625752
2025-06-11 10:00,0.34904026869968807
2025-06-11 11:00,0.4318521465928867
2025-06-11 12:00,1.304868478234682
2025-06-11 13:00,6.276368376292152
2025-06-11 14:00,4.378625197930911
2025-06-11 15:00,5.2247398065228925
2025-06-11 16:00,11.663833474546664
2025-06-11 17:00,12.314086487852348
2025-06-11 18:00,6.348520069641583
2025-06-11 19:00,1.4349444987439202
2025-06-11 20:00,0.19713219665090959
2025-06-11 21:00,0.025220981989610695
2025-06-11 22:00,0.2620142139415046
2025-06-11 23:00,3.6085155125407766
2025-06-12 00:00,0.949189138409338
2025-06-12 01:00,1.295242312374974
2025-06-12 02:00,0.8927913693261158
2025-06-12 03:00,1.7931967191617832
2025-06-12 04:00,1.534127640505256
2025-06-12 05:00,0.7183547808520512
2025-06-12 06:00,0.5367397772983944
2025-06-12 07:00,0.15868856124889844
2025-06-12 08:00,0.19122743945007722
2025-06-12 09:00,0.8287744750316673
2025-06-12 10:00,0.013802960993382728
2025-06-12 11:00,0.7027428906538904
2025-06-12 12:00,0.9252214364351555
2025-06-12 13:00,0.4194890885042515
2025-06-12 14:00,0.7722712911964233
2025-06-12 15:00,4.027931792259991
2025-06-12 16:00,1.2401874336755014
2025-06-12 17:00,0.552186538314128
2025-06-12 18:00,2.350622927756136
2025-06-12 19:00,7.916817769368933
2025-06-12 20:00,0.3134786743546041
2025-06-12 21:00,0.5416056833913742
2025-06-12 22:00,0.3086009778008972
2025-06-12 23:00,0.6583457206723904
2025-06-13 00:00,0.14258526596781623
2025-06-13 01:00,0.5774061812761635
2025-06-13 02:00,0.44231121321781214
2025-06-13 03:00,0.5829901743948196
2025-06-13 04:00,1.1776174360781089
2025-06-13 05:00,0.8283297424546983
2025-06-13 06:00,1.403955142454667
2025-06-13 07:00,5.049790246381026
2025-06-13 08:00,0.0
2025-06-13 09:00,2.103377285598707
2025-06-13 10:00,0.1872406556132253
2025-06-13 11:00,0.1717435264546935
2025-06-13 12:00,0.0
2025-06-13 13:00,10.983801658513933
2025-06-13 14:00,15.697193966290046
2025-06-13 15:00,17.319249013481553
2025-06-13 16:00,22.577874790236738
2025-06-13 17:00,1.9112710526971843
2025-06-13 18:00,8.244661483413736
2025-06-13 19:00,20.745844524067927
2025-06-13 20:00,16.9193959926677
2025-06-13 21:00,34.907056439460085
2025-06-13 22:00,40.113136563698916
2025-06-13 23:00,34.19835060994513
2025-06-14 00:00,5.8478962492475866
2025-06-14 01:00,6.242037728338077
2025-06-14 02:00,16.895803684668593
2025-06-14 03:00,31.888600182816475
2025-06-14 04:00,38.57583868442784
2025-06-14 05:00,40.10663060967766
2025-06-14 06:00,38.577848667810265
2025-06-14 07:00,26.23957235765932
2025-06-14 08:00,21.552455698304566
2025-06-14 09:00,28.252070982405467
2025-06-14 10:00,29.239778690132972
2025-06-14 11:00,32.91098540504814
2025-06-14 12:00,27.79441364300348
2025-06-14 13:00,12.787982783253527
2025-06-14 14:00,17.916879973148877
2025-06-14 15:00,20.169650687638097
2025-06-14 16:00,8.197473439435734
2025-06-14 17:00,5.250348531041303
2025-06-14 18:00,6.684514751848938
2025-06-14 19:00,3.618441462439665
2025-06-14 20:00,7.472525111618244
2025-06-14 21:00,1.393532927810577
2025-06-14 22:00,1.109011970936479
2025-06-14 23:00,2.892029303746491
2025-06-15 00:00,11.29234074897579
2025-06-15 01:00,3.959887500657681
2025-06-15 02:00,1.7552923347534568
2025-06-15 03:00,5.727624212180326
2025-06-15 04:00,2.5802557256680787
2025-06-15 05:00,12.739869858880047
2025-06-15 06:00,10.553932633600889
2025-06-15 07:00,13.398226787920256
2025-06-15 08:00,11.631419619178677
2025-06-15 09:00,0.5649858343909037
2025-06-15 10:00,0.72827857298113
2025-06-15 11:00,10.199791571053709
2025-06-15 12:00,27.13595707081539
2025-06-15 13:00,23.73571328549631
2025-06-15 14:00,23.52031889478181
2025-06-15 15:00,23.68930569416092
2025-06-15 16:00,23.378477511773642
2025-06-15 17:00,25.23075499312823
2025-06-15 18:00,38.71024390088214
2025-06-15 19:00,28.98354436063988
2025-06-15 20:00,40.15652567042029
2025-06-15 21:00,44.17572662936494
2025-06-15 22:00,48.85072447533987
2025-06-15 23:00,48.10470444543416
2025-06-16 00:00,42.40849985871558
2025-06-16 01:00,43.343458287587524
2025-06-16 02:00,40.91630873581556
2025-06-16 03:00,44.948570621438954
2025-06-16 04:00,45.58465912119753
2025-06-16 05:00,35.334522168605446
2025-06-16 06:00,40.35944725884509
2025-06-16 07:00,35.31769944439139
2025-06-16 08:00,39.747043570550886
2025-06-16 09:00,42.75909777226717
2025-06-16 10:00,37.664098844232385
2025-06-16 11:00,45.580876321410706
2025-06-16 12:00,37.533757664653905
2025-06-16 13:00,38.39333535318095
2025-06-16 14:00,36.75089796752758
2025-06-16 15:00,41.923538863531185
2025-06-16 16:00,45.31326948210828
2025-06-16 17:00,48.357212451569914
2025-06-16 18:00,47.572413089898625
2025-06-16 19:00,47.433654985800935
2025-06-16 20:00,39.58897676258653
2025-06-16 21:00,37.664171140797805
2025-06-16 22:00,38.08425646010864
2025-06-16 23:00,38.55951712853781
2025-06-17 00:00,38.87278776244298
2025-06-17 01:00,35.3797197821917
2025-06-17 02:00,38.423971962584424
2025-06-17 03:00,34.602138680024574
2025-06-17 04:00,42.835103912957486
2025-06-17 05:00,43.889145304164444
2025-06-17 06:00,44.012336735122744
2025-06-17 07:00,39.159654557845045
2025-06-17 08:00,47.00299070613533
2025-06-17 09:00,48.103483166235925
2025-06-17 10:00,47.791999579734586
2025-06-17 11:00,48.926332651266335
2025-06-17 12:00,42.580496436324914
2025-06-17 13:00,40.09729437988853
2025-06-17 14:00,38.75716112093213
2025-06-17 15:00,34.00125644327523
2025-06-17 16:00,32.10334718953224
2025-06-17 17:00,33.9693709482971
2025-06-17 18:00,34.37698143666303
2025-06-17 19:00,36.007405199054205
2025-06-17 20:00,19.14988377124251
2025-06-17 21:00,16.73743467919508
2025-06-17 22:00,15.453758431010234
2025-06-17 23:00,12.743108577958283
2025-06-18 00:00,12.576391791533178
2025-06-18 01:00,14.617171386229286
2025-06-18 02:00,10.076890839649296
2025-06-18 03:00,10.76259110353068
2025-06-18 04:00,8.502313388150291
2025-06-18 05:00,8.040395671962049
2025-06-18 06:00,7.900600313549266
2025-06-18 07:00,7.112929471982011
2025-06-18 08:00,0.6869038534329817
2025-06-18 09:00,0.1733137275749957
2025-06-18 10:00,0.1298904744339113
2025-06-18 11:00,0.15370748139029985
2025-06-18 12:00,0.16859321453070444
2025-06-18 13:00,0.500847054195852
2025-06-18 14:00,0.5004063687798321
2025-06-18 15:00,0.5575512919715685
2025-06-18 16:00,2.4577206230988082
2025-06-18 17:00,0.7117995409155223
2025-06-18 18:00,0.4581864771664143
2025-06-18 19:00,0.6828168658285395
2025-06-18 20:00,0.1485935148878042
2025-06-18 21:00,0.5032577909355288
2025-06-18 22:00,0.5466354809102457
2025-06-18 23:00,1.2687944117093497
2025-06-19 00:00,1.5380786701201188
2025-06-19 01:00,1.7552760612127176
2025-06-19 02:00,1.6514530387688362
2025-06-19 03:00,3.1940014201974045
2025-06-19 04:00,0.4944366357413497
2025-06-19 05:00,0.19209664169760363
2025-06-19 06:00,0.5409251183487772
2025-06-19 07:00,0.0633352145836049
2025-06-19 08:00,0.08093126339018022
2025-06-19 09:00,0.004185618595773869
2025-06-19 10:00,0.26745289002315137
2025-06-19 11:00,2.1540028876523793
2025-06-19 12:00,0.8502496375299794
2025-06-19 13:00,1.3252088166840463
2025-06-19 14:00,0.6577427894174201
2025-06-19 15:00,11.83666362199662
2025-06-19 16:00,4.67432158319593
2025-06-19 17:00,19.991029809548564
2025-06-19 18:00,19.182146656683365
2025-06-19 19:00,22.721250588481052
2025-06-19 20:00,15.780050439617227
2025-06-19 21:00,36.97088873608671
2025-06-19 22:00,13.903696374499466
2025-06-19 23:00,21.009675937649572
2025-06-20 00:00,35.972247853996095
2025-06-20 01:00,38.58791408912253
2025-06-20 02:00,27.23422615668344
2025-06-20 03:00,18.936192821330625
2025-06-20 04:00,22.401410678096514
2025-06-20 05:00,38.65330752834937
2025-06-20 06:00,38.77446698987611
2025-06-20 07:00,42.301861218068545
2025-06-20 08:00,43.90250663226239
2025-06-20 09:00,47.84854233260165
2025-06-20 10:00,46.87246706487517
2025-06-20 11:00,45.582783835811036
2025-06-20 12:00,45.650960965257696
2025-06-20 13:00,45.46197384442936
2025-06-20 14:00,48.508891400372235
2025-06-20 15:00,48.913730264201575
2025-06-20 16:00,49.83938260076027
2025-06-20 17:00,46.9351621145079
2025-06-20 18:00,45.37472120583046
2025-06-20 19:00,44.89289649059874
2025-06-20 20:00,45.44294634917818
2025-06-20 21:00,44.667648421659244
2025-06-20 22:00,45.31579897438901
2025-06-20 23:00,44.249354402144704
2025-06-21 00:00,41.304580776349816
2025-06-21 01:00,41.27298619771753
2025-06-21 02:00,35.70681259668633
2025-06-21 03:00,38.96835398191816
2025-06-21 04:00,38.44126197389266
2025-06-21 05:00,38.01925077863979
2025-06-21 06:00,24.974945942194577
2025-06-21 07:00,34.190723503007526
2025-06-21 08:00,42.106998817848115
2025-06-21 09:00,36.84524554003741
2025-06-21 10:00,41.638135181164316
2025-06-21 11:00,36.65249721703648
2025-06-21 12:00,21.6499840307465
2025-06-21 13:00,22.17590923113566
2025-06-21 14:00,20.45807242577574
2025-06-21 15:00,22.34359058879726
2025-06-21 16:00,20.53117608160333
2025-06-21 17:00,11.519041072071742
2025-06-21 18:00,26.677772036929458
2025-06-21 19:00,16.441043513622173
2025-06-21 20:00,0.0
2025-06-21 21:00,0.10580084154256188
2025-06-21 22:00,0.0866053321192575
2025-06-21 23:00,0.0603173307308482
2025-06-22 00:00,2.1125304641049527
2025-06-22 01:00,0.07905656149565826
2025-06-22 02:00,1.1047637905022858
2025-06-22 03:00,0.38187859114949946
2025-06-22 04:00,0.5731044662314502
2025-06-22 05:00,0.5282635532908733
2025-06-22 06:00,0.0
2025-06-22 07:00,0.3961316995643384
2025-06-22 08:00,0.0
2025-06-22 09:00,0.13313753493956026
2025-06-22 10:00,0.14417359998940776
2025-06-22 11:00,0.24693133624324154
2025-06-22 12:00,0.6897626978571982
2025-06-22 13:00,0.9936812446462004
2025-06-22 14:00,1.2284895554384994
2025-06-22 15:00,0.5067270671579907
2025-06-22 16:00,0.35466963359576853
2025-06-22 17:00,1.1541534109428295
2025-06-22 18:00,1.2471722677579336
2025-06-22 19:00,1.5603646667915574
2025-06-22 20:00,0.2837011001437043
2025-06-22 21:00,0.0
2025-06-22 22:00,0.0
2025-06-22 23:00,0.0
2025-06-23 00:00,0.1489187260793575
2025-06-23 01:00,0.0
2025-06-23 02:00,0.0
2025-06-23 03:00,1.0442780802886107
2025-06-23 04:00,1.6371102072409411
2025-06-23 05:00,2.238419676446861
2025-06-23 06:00,2.0015646618303915
2025-06-23 07:00,0.9123859154045022
2025-06-23 08:00,0.4943892629937925
2025-06-23 09:00,0.09825477809804822
2025-06-23 10:00,0.15451119212855838
2025-06-23 11:00,2.084245754907684
2025-06-23 12:00,2.8299876132595516
2025-06-23 13:00,0.0
2025-06-23 14:00,0.7362717940399041
2025-06-23 15:00,2.0942575027738983
2025-06-23 16:00,1.6780463354731974
2025-06-23 17:00,0.8714181836889923
2025-06-23 18:00,1.643602153903813
2025-06-23 19:00,0.0
2025-06-23 20:00,0.2260242699759635
2025-06-23 21:00,15.700511664208207
2025-06-23 22:00,4.326599726838711
2025-06-23 23:00,2.6668896067222385
2025-06-24 00:00,0.7997730812480863
2025-06-24 01:00,2.5915289528568564
2025-06-24 02:00,4.3747805082594855
2025-06-24 03:00,1.0638526128075918
2025-06-24 04:00,1.5575686556943527
2025-06-24 05:00,0.0
2025-06-24 06:00,0.0
2025-06-24 07:00,0.15983020373797072
2025-06-24 08:00,7.071092816425267
2025-06-24 09:00,2.3470396583597806
2025-06-24 10:00,6.545289220114287
2025-06-24 11:00,1.4102520514355894
2025-06-24 12:00,5.862335390373659
2025-06-24 13:00,2.263782245905967
2025-06-24 14:00,1.5694929251049232
2025-06-24 15:00,2.1200625069208594
2025-06-24 16:00,2.1376514335937684
2025-06-24 17:00,0.7620512449944086
2025-06-24 18:00,1.6178510141864322
2025-06-24 19:00,0.6358421360012902
2025-06-24 20:00,1.1700013909214737
2025-06-24 21:00,0.31664252836002166
2025-06-24 22:00,0.06338159019973252
2025-06-24 23:00,0.23941607067519774
2025-06-25 00:00,0.27933974724663674
2025-06-25 01:00,0.7233338403884751
2025-06-25 02:00,1.3019596071635036
2025-06-25 03:00,0.8384016122511421
2025-06-25 04:00,0.5711279565781109
2025-06-25 05:00,0.004676508622235162
2025-06-25 06:00,0.0
2025-06-25 07:00,0.0
2025-06-25 08:00,13.856662837681217
2025-06-25 09:00,10.640468458091824
2025-06-25 10:00,2.6802725752327112
2025-06-25 11:00,2.939237685068622
2025-06-25 12:00,15.251855237651316
2025-06-25 13:00,12.577446183468949
2025-06-25 14:00,10.620725380927963
2025-06-25 15:00,10.983846848657537
2025-06-25 16:00,18.623471699058097
2025-06-25 17:00,18.578570666628867
2025-06-25 18:00,23.84284295460544
2025-06-25 19:00,22.26168009428998
2025-06-25 20:00,32.615338746197644
2025-06-25 21:00,23.2917565829135
2025-06-25 22:00,10.894006699966736
2025-06-25 23:00,11.466681712179211
2025-06-26 00:00,9.180813828305478
2025-06-26 01:00,9.658076674566837
2025-06-26 02:00,6.6964569201558435
2025-06-26 03:00,3.4201589694807484
2025-06-26 04:00,8.902272993574943
2025-06-26 05:00,0.24288059029892212
2025-06-26 06:00,0.15203355393566637
2025-06-26 07:00,0.49809380959912813
2025-06-26 08:00,0.3313950019979881
2025-06-26 09:00,0.3273532015285295
2025-06-26 10:00,0.23582779377036217
2025-06-26 11:00,0.4023967491867512
2025-06-26 12:00,0.3357801708545452
2025-06-26 13:00,0.4476019808696392
2025-06-26 14:00,0.592863753257381
2025-06-26 15:00,0.43958948151948385
2025-06-26 16:00,0.6647677001499311
2025-06-26 17:00,0.4245744260464903
2025-06-26 18:00,0.4176763855153336
2025-06-26 19:00,0.17494076308695022
2025-06-26 20:00,0.011240009358917747
2025-06-26 21:00,0.0
2025-06-26 22:00,0.8520569676310388
2025-06-26 23:00,0.12700229347606967
2025-06-27 00:00,1.8993350840900174
2025-06-27 01:00,0.18884285381668117
2025-06-27 02:00,0.0
2025-06-27 03:00,0.5819580913131995
2025-06-27 04:00,0.0
2025-06-27 05:00,0.6682405010473548
2025-06-27 06:00,0.2745462115553685
2025-06-27 07:00,0.41057789218857177
2025-06-27 08:00,0.1744513802133751
2025-06-27 09:00,0.14920915151069797
2025-06-27 10:00,0.30668527624043074
2025-06-27 11:00,0.9069533988239731
2025-06-27 12:00,0.25563354562520074
2025-06-27 13:00,2.2863356095606258
2025-06-27 14:00,2.024543112949023
2025-06-27 15:00,2.6630529598148924
2025-06-27 16:00,1.5120423499062339
2025-06-27 17:00,2.0927900174605836
2025-06-27 18:00,1.7085710080808691
2025-06-27 19:00,0.9120014683088757
2025-06-27 20:00,0.4375463023857056
2025-06-27 21:00,0.2567716128188327
2025-06-27 22:00,0.8869282722738518
2025-06-27 23:00,5.27743825951862
2025-06-28 00:00,11.053284900580644
2025-06-28 01:00,14.04793916202497
2025-06-28 02:00,9.459165763478723
2025-06-28 03:00,8.529004164065253
2025-06-28 04:00,10.418440196507289
2025-06-28 05:00,4.227202184365954
2025-06-28 06:00,8.034010223527286
2025-06-28 07:00,7.9404312291218
2025-06-28 08:00,0.8570622339010073
2025-06-28 09:00,2.7109115488793627
2025-06-28 10:00,5.452458141420802
2025-06-28 11:00,9.226169707239078
2025-06-28 12:00,13.225464253645752
2025-06-28 13:00,15.232785827691773
2025-06-28 14:00,16.911975726328674
2025-06-28 15:00,7.309694917418957
2025-06-28 16:00,15.157728477943815
2025-06-28 17:00,7.458378705552242
2025-06-28 18:00,10.680245356759725
2025-06-28 19:00,2.387221424992339
2025-06-28 20:00,11.468046611713914
2025-06-28 21:00,19.902944662001364
2025-06-28 22:00,15.615959960974106
2025-06-28 23:00,1.1822252481511788
2025-06-29 00:00,12.831390373500327
2025-06-29 01:00,4.016627794392206
2025-06-29 02:00,11.591525331932925
2025-06-29 03:00,11.463804344472631
2025-06-29 04:00,5.460547929242558
2025-06-29 05:00,4.7212627888891605
2025-06-29 06:00,0.64400257620973
2025-06-29 07:00,1.1116760010790472
2025-06-29 08:00,11.755269351502042
2025-06-29 09:00,8.714819063298355
2025-06-29 10:00,11.735579590540645
2025-06-29 11:00,9.725645009329456
2025-06-29 12:00,2.289455271893971
2025-06-29 13:00,5.060141826335763
2025-06-29 14:00,13.879478288452828
2025-06-29 15:00,12.004528585888332
2025-06-29 16:00,14.315564979353802
2025-06-29 17:00,15.385185030363438
2025-06-29 18:00,11.47100935021171
2025-06-29 19:00,11.404876181119386
2025-06-29 20:00,12.073541074217014
2025-06-29 21:00,2.3994759047804677
2025-06-29 22:00,1.8428382038247808
2025-06-29 23:00,2.370011014412487
2025-06-30 00:00,10.461111348534013
2025-06-30 01:00,8.296874837715311
2025-06-30 02:00,0.6636670732983838
2025-06-30 03:00,1.184871382519234
2025-06-30 04:00,1.756157860471714
2025-06-30 05:00,0.8692360878259716
2025-06-30 06:00,0.49554239461986294
2025-06-30 07:00,0.751696768650457
2025-06-30 08:00,0.3277036447255899
2025-06-30 09:00,0.5505593456360292
2025-06-30 10:00,1.789042103205637
2025-06-30 11:00,3.3415516133458567
2025-06-30 12:00,1.7073074851749246
2025-06-30 13:00,2.1465192275235716
2025-06-30 14:00,2.915221015900769
2025-06-30 15:00,4.463675613975946
2025-06-30 16:00,4.688959795523348
2025-06-30 17:00,3.006258991919704
2025-06-30 18:00,2.5777690719030226
2025-06-30 19:00,1.1844379777633274
2025-06-30 20:00,1.2557385251240996
2025-06-30 21:00,0.9374211658699481
2025-06-30 22:00,3.231646384982904
2025-06-30 23:00,3.184576304042376
2025-07-01 00:00,3.4803426088796514
2025-07-01 01:00,0.6133818826229368
2025-07-01 02:00,0.6813423834490477
2025-07-01 03:00,0.2145749791308493
2025-07-01 04:00,0.5422653557585897
2025-07-01 05:00,4.614357801145326
2025-07-01 06:00,0.23076279622471327
2025-07-01 07:00,2.909673866534833
2025-07-01 08:00,7.98862688538496
2025-07-01 09:00,10.018407210450235
2025-07-01 10:00,9.445717670349365
2025-07-01 11:00,6.02783669849367
2025-07-01 12:00,7.2969772128941415
2025-07-01 13:00,13.133827620438174
2025-07-01 14:00,11.445431135020424
2025-07-01 15:00,12.556146102143288
2025-07-01 16:00,10.117716458412817
2025-07-01 17:00,10.717389828238932
2025-07-01 18:00,9.842583251413084
2025-07-01 19:00,3.9422106186922723
2025-07-01 20:00,1.4804710235781051
2025-07-01 21:00,1.3881995879223437
2025-07-01 22:00,3.7231286441729203
2025-07-01 23:00,1.37093732479181
2025-07-02 00:00,11.978647682914765
2025-07-02 01:00,7.521833136315462
2025-07-02 02:00,10.050075109815182
2025-07-02 03:00,14.232200650841659
2025-07-02 04:00,11.590770588621993
2025-07-02 05:00,8.132368642351732
2025-07-02 06:00,9.497210253645704
2025-07-02 07:00,17.670694591411163
2025-07-02 08:00,16.141591566973002
2025-07-02 09:00,15.353000106951999
2025-07-02 10:00,6.213441624628294
2025-07-02 11:00,8.91683976350247
2025-07-02 12:00,12.07260463771598
2025-07-02 13:00,11.759013809037478
2025-07-02 14:00,16.11232189089221
2025-07-02 15:00,14.11156276754464
2025-07-02 16:00,5.901438262107013
2025-07-02 17:00,2.3648735857072496
2025-07-02 18:00,0.65402993314818
2025-07-02 19:00,7.923257265051049
2025-07-02 20:00,1.596579126557949
2025-07-02 21:00,0.5160946348604463
2025-07-02 22:00,0.5394410181055653
2025-07-02 23:00,0.8272713433794208
2025-07-03 00:00,1.8126579188713845
2025-07-03 01:00,7.061489347941561
2025-07-03 02:00,10.111880372676413
2025-07-03 03:00,7.9733282644677
2025-07-03 04:00,15.240852074391587
2025-07-03 05:00,13.261511377245457
2025-07-03 06:00,17.893269376569553
2025-07-03 07:00,10.058201983476712
2025-07-03 08:00,14.510240124324872
2025-07-03 09:00,11.610794715652341
2025-07-03 10:00,13.246885131916658
2025-07-03 11:00,16.43459550394256
2025-07-03 12:00,8.983555747956695
2025-07-03 13:00,9.115332964104462
2025-07-03 14:00,8.59772757561026
2025-07-03 15:00,6.829860474242483
2025-07-03 16:00,12.017427389017522
2025-07-03 17:00,6.360722355661447
2025-07-03 18:00,9.136295319380377
2025-07-03 19:00,10.954032093107708
2025-07-03 20:00,2.370948696634954
2025-07-03 21:00,11.197812238676343
2025-07-03 22:00,11.15381509754277
2025-07-03 23:00,14.690274730175235
2025-07-04 00:00,11.558173413932941
2025-07-04 01:00,19.933197711023094
2025-07-04 02:00,17.98261170877412
2025-07-04 03:00,25.324735380204295
2025-07-04 04:00,24.994101943753286
2025-07-04 05:00,24.783754708253912
2025-07-04 06:00,17.89585250789425
2025-07-04 07:00,21.30383253572041
2025-07-04 08:00,33.0204048062386
2025-07-04 09:00,28.52351005065571
2025-07-04 10:00,26.03031311283844
2025-07-04 11:00,22.439743774079485
2025-07-04 12:00,30.31650313078366
2025-07-04 13:00,23.777591460628937
2025-07-04 14:00,23.387905252463742
2025-07-04 15:00,19.6939518358364
2025-07-04 16:00,28.83801907395502
2025-07-04 17:00,18.380338634181292
2025-07-04 18:00,33.43831456122696
2025-07-04 19:00,26.776768835558745
2025-07-04 20:00,30.561092657658154
2025-07-04 21:00,19.244835800894155
2025-07-04 22:00,25.177498640892026
2025-07-04 23:00,26.213828049278966
2025-07-05 00:00,17.27063740918848
2025-07-05 01:00,19.052928434390967
2025-07-05 02:00,18.952619715749528
2025-07-05 03:00,17.672508139955134
2025-07-05 04:00,13.538042308261582
2025-07-05 05:00,12.735553861266785
2025-07-05 06:00,11.994735520801909
2025-07-05 07:00,19.709110576126157
2025-07-05 08:00,23.584707400115185
2025-07-05 09:00,23.023510918389675
2025-07-05 10:00,23.527938530669076
2025-07-05 11:00,20.13897418208671
2025-07-05 12:00,11.780624779498124
2025-07-05 13:00,19.382219760614078
2025-07-05 14:00,16.46686451502334
2025-07-05 15:00,15.229512431882554
2025-07-05 16:00,11.720709306501181
2025-07-05 17:00,14.247208774749428
2025-07-05 18:00,18.57030095814566
2025-07-05 19:00,23.018596259466033
2025-07-05 20:00,18.38998055637241
2025-07-05 21:00,15.4361155412646
2025-07-05 22:00,17.421526309590554
2025-07-05 23:00,22.074499559479484
2025-07-06 00:00,16.276036389114864
2025-07-06 01:00,18.21602892593896
2025-07-06 02:00,20.555980882878412
2025-07-06 03:00,20.321558835571995
2025-07-06 04:00,14.374008190057975
2025-07-06 05:00,11.555588456620299
2025-07-06 06:00,13.592533193686345
2025-07-06 07:00,12.038808878761797
2025-07-06 08:00,10.044037737553344
2025-07-06 09:00,8.666492694469463
2025-07-06 10:00,8.379141454226291
2025-07-06 11:00,7.0945162826634585
2025-07-06 12:00,8.593547935626955
2025-07-06 13:00,8.670146146321374
2025-07-06 14:00,13.002287559723941
2025-07-06 15:00,9.756711829136593
2025-07-06 16:00,9.099792990761761
2025-07-06 17:00,10.675587189964078
2025-07-06 18:00,10.132902938254992
2025-07-06 19:00,12.042342885704697
2025-07-06 20:00,13.841144526985376
2025-07-06 21:00,12.90352267300109
2025-07-06 22:00,14.735494622104993
2025-07-06 23:00,4.199031741596139
2025-07-07 00:00,14.73941766511521
2025-07-07 01:00,7.3777953999551995
2025-07-07 02:00,9.757489377069867
2025-07-07 03:00,3.196658892916752
2025-07-07 04:00,13.683545502145455
2025-07-07 05:00,3.1193237407348007
2025-07-07 06:00,2.184443489661033
2025-07-07 07:00,1.832795677831559
2025-07-07 08:00,1.036668077857573
2025-07-07 09:00,0.5332978250072551
2025-07-07 10:00,0.31275311127876115
2025-07-07 11:00,0.0
2025-07-07 12:00,0.0
2025-07-07 13:00,0.0
2025-07-07 14:00,1.2131292294502938
2025-07-07 15:00,1.8023888989352965
2025-07-07 16:00,2.1203669404843075
2025-07-07 17:00,2.025241921820123
2025-07-07 18:00,2.4685196839512353
2025-07-07 19:00,1.4081895622735188
2025-07-07 20:00,1.8905554847472086
2025-07-07 21:00,0.8856158480710966
2025-07-07 22:00,2.223850710066009
2025-07-07 23:00,1.8445887841794806
2025-07-08 00:00,0.38971805057255204
2025-07-08 01:00,2.9500926271853785
2025-07-08 02:00,0.7581938719019357
2025-07-08 03:00,1.3641210276537485
2025-07-08 04:00,2.3524573415299406
2025-07-08 05:00,4.436858087738577
2025-07-08 06:00,6.529078862782576
2025-07-08 07:00,1.5129463591234786
2025-07-08 08:00,1.238012430535469
2025-07-08 09:00,0.5245542705793087
2025-07-08 10:00,0.31758913301998937
2025-07-08 11:00,0.4699653872891667
2025-07-08 12:00,1.2055381984783542
2025-07-08 13:00,1.3534175510034487
2025-07-08 14:00,3.495759550315412
2025-07-08 15:00,2.3250474234373306
2025-07-08 16:00,1.8857872697156126
2025-07-08 17:00,1.6819866296799142
2025-07-08 18:00,1.486368856310124
2025-07-08 19:00,2.162206403420152
2025-07-08 20:00,1.8271713534529026
2025-07-08 21:00,5.945087981365382
2025-07-08 22:00,8.273692658531177
2025-07-08 23:00,8.859610367087873
2025-07-09 00:00,4.3542749792743995
2025-07-09 01:00,2.5769510769919624
2025-07-09 02:00,1.780837452437301
2025-07-09 03:00,2.81050129258225
2025-07-09 04:00,3.812645351425484
2025-07-09 05:00,0.7294222607694557
2025-07-09 06:00,0.3649637904433404
2025-07-09 07:00,2.895065113913985
2025-07-09 08:00,0.14244922123218956
2025-07-09 09:00,0.2174674563397492
2025-07-09 10:00,0.0
2025-07-09 11:00,0.0
2025-07-09 12:00,0.0
2025-07-09 13:00,0.32781181838784335
2025-07-09 14:00,2.6624438583362804
2025-07-09 15:00,5.256208030442845
2025-07-09 16:00,2.007350452958583
2025-07-09 17:00,1.4500900321232884
2025-07-09 18:00,0.8598515818154392
2025-07-09 19:00,9.423408007013302
2025-07-09 20:00,1.261726686232029
2025-07-09 21:00,2.4386026888170482
2025-07-09 22:00,3.463310100991815
2025-07-09 23:00,2.214685850776167
2025-07-10 00:00,0.6036035798241823
2025-07-10 01:00,1.0668800951860675
2025-07-10 02:00,1.016081535872384
2025-07-10 03:00,0.0
2025-07-10 04:00,1.2228582311516958
2025-07-10 05:00,1.3384657648533058
2025-07-10 06:00,2.2261827615172023
2025-07-10 07:00,8.59976739549159
2025-07-10 08:00,4.046896118031247
2025-07-10 09:00,6.353672148055762
2025-07-10 10:00,7.665964405492538
2025-07-10 11:00,8.037914245545414
2025-07-10 12:00,6.152119332051391
2025-07-10 13:00,4.543483960284757
2025-07-10 14:00,20.287968963834878
2025-07-10 15:00,26.532188455844413
2025-07-10 16:00,24.232990758839957
2025-07-10 17:00,22.095308863115537
2025-07-10 18:00,12.973191319636394
2025-07-10 19:00,11.713132989395913
2025-07-10 20:00,11.192259996619372
2025-07-10 21:00,12.81156025377614
2025-07-10 22:00,13.110154133115245
2025-07-10 23:00,13.83627394762157
2025-07-11 00:00,4.920030849503292
2025-07-11 01:00,4.6451463856179585
2025-07-11 02:00,8.12281997937873
2025-07-11 03:00,6.957630169757369
2025-07-11 04:00,8.317410621608929
2025-07-11 05:00,8.433518932162595
2025-07-11 06:00,7.573302768009021
2025-07-11 07:00,8.910796870469364
2025-07-11 08:00,12.518963037063605
2025-07-11 09:00,11.861410184685306
2025-07-11 10:00,10.59749111216728
2025-07-11 11:00,5.95088114700032
2025-07-11 12:00,5.730828501314086
2025-07-11 13:00,4.562424661012028
2025-07-11 14:00,7.638158733989132
2025-07-11 15:00,10.156158546334714
2025-07-11 16:00,7.18628839840449
2025-07-11 17:00,14.022009212683207
2025-07-11 18:00,13.337392695180057
2025-07-11 19:00,15.686603032790595
2025-07-11 20:00,12.795614760545186
2025-07-11 21:00,8.180958393103527
2025-07-11 22:00,10.060030261758644
2025-07-11 23:00,2.145204737098246
2025-07-12 00:00,8.405330300957546
2025-07-12 01:00,1.7139447201349798
2025-07-12 02:00,0.3789726987055942
2025-07-12 03:00,2.4343874956336853
2025-07-12 04:00,10.31667492510164
2025-07-12 05:00,6.932763349304755
2025-07-12 06:00,10.12690932302635
2025-07-12 07:00,4.593909636260382
2025-07-12 08:00,4.511628179781612
2025-07-12 09:00,0.0
2025-07-12 10:00,0.0
2025-07-12 11:00,0.19582731837596604
2025-07-12 12:00,0.4581712157522128
2025-07-12 13:00,2.0711298252991615
2025-07-12 14:00,2.586472576979291
2025-07-12 15:00,4.437641283898658
2025-07-12 16:00,3.0162128117418945
2025-07-12 17:00,2.141311085778722
2025-07-12 18:00,2.879094037182218
2025-07-12 19:00,1.5224878801415207
2025-07-12 20:00,1.0494430411887707
2025-07-12 21:00,0.9916087281134756
2025-07-12 22:00,0.8242614681349495
2025-07-12 23:00,0.7470841483059774
2025-07-13 00:00,6.040400380864467
2025-07-13 01:00,1.3563216478684996
2025-07-13 02:00,1.9837397907655072
2025-07-13 03:00,2.837601124510472
2025-07-13 04:00,1.2896794231972437
2025-07-13 05:00,1.3879499172650898
2025-07-13 06:00,2.119326621476352
2025-07-13 07:00,0.5426469758638615
2025-07-13 08:00,0.4697248555861675
2025-07-13 09:00,0.04861308018614485
2025-07-13 10:00,0.14710739136322892
2025-07-13 11:00,0.0
2025-07-13 12:00,0.4640391251341341
2025-07-13 13:00,1.1374867265201825
2025-07-13 14:00,0.2283535774247564
2025-07-13 15:00,1.371772102129287
2025-07-13 16:00,1.252347401218175
2025-07-13 17:00,1.2005051500283863
2025-07-13 18:00,0.1839010264668931
2025-07-13 19:00,1.6210110848794266
2025-07-13 20:00,1.5028383900371654
2025-07-13 21:00,1.5557161820001453
2025-07-13 22:00,4.228663045385235
2025-07-13 23:00,3.202286439479486
2025-07-14 00:00,5.235855281606324
2025-07-14 01:00,6.656466321181151
2025-07-14 02:00,4.756376510650694
2025-07-14 03:00,3.5282684891897036
2025-07-14 04:00,5.347515873837612
2025-07-14 05:00,4.756521126419191
2025-07-14 06:00,4.0288331997621185
2025-07-14 07:00,3.6645484670786517
2025-07-14 08:00,2.8555964015549082
2025-07-14 09:00,2.0200646390380945
2025-07-14 10:00,1.0628417097430336
2025-07-14 11:00,1.1873528864601037
2025-07-14 12:00,1.0172254465778234
2025-07-14 13:00,1.8920523867902084
2025-07-14 14:00,3.1947421989535307
2025-07-14 15:00,5.850182719378347
2025-07-14 16:00,5.101328279226743
2025-07-14 17:00,8.444852683792025
2025-07-14 18:00,13.36481055554196
2025-07-14 19:00,20.195822123648203
2025-07-14 20:00,5.058606682322603
2025-07-14 21:00,16.48173805686424
2025-07-14 22:00,22.88484403431408
2025-07-14 23:00,6.084655381527344
2025-07-15 00:00,3.8866593668049845
2025-07-15 01:00,4.312369380144931
2025-07-15 02:00,14.766787975247725
2025-07-15 03:00,33.40761174652161
2025-07-15 04:00,5.901868582005354
2025-07-15 05:00,5.725514777123603
2025-07-15 06:00,6.360563347726249
2025-07-15 07:00,25.380217832386236
2025-07-15 08:00,33.57255800262187
2025-07-15 09:00,24.70806413011283
2025-07-15 10:00,23.54478126257853
2025-07-15 11:00,3.915345449079289
2025-07-15 12:00,16.753303554856448
2025-07-15 13:00,3.971127394635156
2025-07-15 14:00,3.8040065894034174
2025-07-15 15:00,2.590983662025082
2025-07-15 16:00,6.692019205351327
2025-07-15 17:00,3.2410221426226644
2025-07-15 18:00,6.4189728710750575
2025-07-15 19:00,3.4440338114623006
2025-07-15 20:00,9.866777247741698
2025-07-15 21:00,9.857498629243526
2025-07-15 22:00,8.932851084433304
2025-07-15 23:00,13.218414125759423
2025-07-16 00:00,15.561604990223213
2025-07-16 01:00,17.150775966815477
2025-07-16 02:00,14.655152388598502
2025-07-16 03:00,23.178601493281928
2025-07-16 04:00,21.670555832086908
2025-07-16 05:00,22.49750517081086
2025-07-16 06:00,26.05960965800521
2025-07-16 07:00,26.085739939606814
2025-07-16 08:00,33.56327835010788
2025-07-16 09:00,33.29035332831006
2025-07-16 10:00,41.0034641370584
2025-07-16 11:00,37.85035472256117
2025-07-16 12:00,23.742804457725175
2025-07-16 13:00,43.941175551479866
2025-07-16 14:00,34.24933293838703
2025-07-16 15:00,39.31039381278737
2025-07-16 16:00,42.5053364284446
2025-07-16 17:00,48.32573260853763
2025-07-16 18:00,47.3368233410468
2025-07-16 19:00,42.26113442196094
2025-07-16 20:00,14.471186517188752
2025-07-16 21:00,35.16038203697808
2025-07-16 22:00,34.185447928317075
2025-07-16 23:00,36.43549359755607
2025-07-17 00:00,51.26216308273134
2025-07-17 01:00,50.801258134559646
2025-07-17 02:00,50.38426087985065
2025-07-17 03:00,48.23784962812115
2025-07-17 04:00,39.04471837070329
2025-07-17 05:00,39.88497158680054
2025-07-17 06:00,37.80552170425849
2025-07-17 07:00,40.399811085473836
2025-07-17 08:00,35.67778964584966
2025-07-17 09:00,37.38763669837046
2025-07-17 10:00,28.173716017673748
2025-07-17 11:00,10.294196361175741
2025-07-17 12:00,26.332034162949814
2025-07-17 13:00,24.2295595701703
2025-07-17 14:00,24.372053665686913
2025-07-17 15:00,21.87888598209202
2025-07-17 16:00,26.160827163609607
2025-07-17 17:00,27.832856673910563
2025-07-17 18:00,27.382802569665543
2025-07-17 19:00,24.99909824874851
2025-07-17 20:00,37.58433692941434
2025-07-17 21:00,37.41207776847117
2025-07-17 22:00,39.20782361722666
2025-07-17 23:00,40.41270257276888
2025-07-18 00:00,38.901040218997345
2025-07-18 01:00,31.459077327663554
2025-07-18 02:00,44.108981651317535
2025-07-18 03:00,39.55934612328104
2025-07-18 04:00,27.37932556826278
2025-07-18 05:00,35.59761987108879
2025-07-18 06:00,32.79775771341893
2025-07-18 07:00,28.48361312251945
2025-07-18 08:00,45.159860881920444
2025-07-18 09:00,30.87200694387323
2025-07-18 10:00,23.604606406204894
2025-07-18 11:00,25.177994055094793
2025-07-18 12:00,10.510395608592868
2025-07-18 13:00,14.448146480705216
2025-07-18 14:00,34.023275934023694
2025-07-18 15:00,17.286111095703173
2025-07-18 16:00,3.096955358629187
2025-07-18 17:00,2.2332193070323
2025-07-18 18:00,3.152221684867408
2025-07-18 19:00,5.422188593487986
2025-07-18 20:00,4.37603172214434
2025-07-18 21:00,14.491811705539455
2025-07-18 22:00,18.414794219602467
2025-07-18 23:00,7.191945355888366
2025-07-19 00:00,16.930017289980878
2025-07-19 01:00,36.53397689675254
2025-07-19 02:00,22.25742781563846
2025-07-19 03:00,17.288104761303924
2025-07-19 04:00,9.744817467162395
2025-07-19 05:00,33.867858107296755
2025-07-19 06:00,29.84914294252843
2025-07-19 07:00,28.567720271254224
2025-07-19 08:00,38.62503109766163
2025-07-19 09:00,41.74815031219429
2025-07-19 10:00,37.89271520738055
2025-07-19 11:00,30.967312533077497
2025-07-19 12:00,39.37322014942492
2025-07-19 13:00,39.05891678230339
2025-07-19 14:00,42.17467025252285
2025-07-19 15:00,15.805583260240631
2025-07-19 16:00,38.658104592010524
2025-07-19 17:00,41.95311456082521
2025-07-19 18:00,42.044495882231935
2025-07-19 19:00,38.03580161997095
2025-07-19 20:00,42.45527263125647
2025-07-19 21:00,25.983574362346744
2025-07-19 22:00,20.14174728024649
2025-07-19 23:00,14.63480435195244
2025-07-20 00:00,10.246096323845912
2025-07-20 01:00,10.787494468833025
2025-07-20 02:00,7.988534732515839
2025-07-20 03:00,28.05611891456576
2025-07-20 04:00,10.346348838957026
2025-07-20 05:00,2.3797757928003676
2025-07-20 06:00,2.751867002388297
2025-07-20 07:00,15.990415197901212
2025-07-20 08:00,22.527521489950278
2025-07-20 09:00,28.47222713792297
2025-07-20 10:00,27.758783808302773
2025-07-20 11:00,29.049204108715948
2025-07-20 12:00,30.156901510100102
2025-07-20 13:00,28.63835022138753
2025-07-20 14:00,27.576436933162185
2025-07-20 15:00,12.935642013441438
2025-07-20 16:00,14.707560187111444
2025-07-20 17:00,15.855686902597443
2025-07-20 18:00,15.81506486969377
2025-07-20 19:00,22.02938067890823
2025-07-20 20:00,23.23438801119421
2025-07-20 21:00,9.0757790493819
2025-07-20 22:00,6.551498761261114
2025-07-20 23:00,20.72538285333179
2025-07-21 00:00,13.002993427169308
2025-07-21 01:00,15.809179079657923
2025-07-21 02:00,6.374137077293603
2025-07-21 03:00,7.804348578031329
2025-07-21 04:00,10.020992176612188
2025-07-21 05:00,17.56549964112382
2025-07-21 06:00,1.7522445406737808
2025-07-21 07:00,7.347177044290803
2025-07-21 08:00,28.374536034450742
2025-07-21 09:00,15.02123901546286
2025-07-21 10:00,19.950771596941678
2025-07-21 11:00,21.0058902511052
2025-07-21 12:00,18.212504722578217
2025-07-21 13:00,5.75080608592003
2025-07-21 14:00,4.438445637506188
2025-07-21 15:00,4.494194903503182
2025-07-21 16:00,20.918277269010037
2025-07-21 17:00,14.103859733796485
2025-07-21 18:00,5.071935438968185
2025-07-21 19:00,6.147177016356786
2025-07-21 20:00,6.499137585092531
2025-07-21 21:00,7.597299863483006
2025-07-21 22:00,5.309345708323207
2025-07-21 23:00,5.665965709190057
2025-07-22 00:00,4.925352915341647
2025-07-22 01:00,5.197464933072034
2025-07-22 02:00,7.252037397479106
2025-07-22 03:00,5.204403763469638
2025-07-22 04:00,5.052962660870225
2025-07-22 05:00,5.400178588424929
2025-07-22 06:00,5.2619118751170735
2025-07-22 07:00,6.229942016818867
2025-07-22 08:00,4.9911001454564055
2025-07-22 09:00,3.5480458387501574
2025-07-22 10:00,2.9113524395333257
2025-07-22 11:00,2.8484086326823337
2025-07-22 12:00,2.272944575334617
2025-07-22 13:00,3.815610595030465
2025-07-22 14:00,2.168611166858005
2025-07-22 15:00,2.752101534281726
2025-07-22 16:00,2.611491993100886
2025-07-22 17:00,3.2706879213076023
2025-07-22 18:00,3.8152723380603515
2025-07-22 19:00,1.944076152492069
2025-07-22 20:00,3.479113519259119
2025-07-22 21:00,4.521646127519929
2025-07-22 22:00,4.811650761943647
2025-07-22 23:00,4.515894693865359
2025-07-23 00:00,3.9507941920526513
2025-07-23 01:00,5.458531824862317
2025-07-23 02:00,4.40310435835488
2025-07-23 03:00,4.4156480885605145
2025-07-23 04:00,4.07476723979802
2025-07-23 05:00,4.470040400316943
2025-07-23 06:00,4.42229514785354
2025-07-23 07:00,4.656451674137253
2025-07-23 08:00,4.5808739059337675
2025-07-23 09:00,3.0397865937398523
2025-07-23 10:00,2.7335867002477823
2025-07-23 11:00,1.492482631622868
2025-07-23 12:00,2.1559923552305547
2025-07-23 13:00,2.4409262371169396
2025-07-23 14:00,3.0570932218467775
2025-07-23 15:00,3.2795491178210807
2025-07-23 16:00,3.59599336295521
2025-07-23 17:00,3.738099645615891
2025-07-23 18:00,2.925626099631054
2025-07-23 19:00,3.860531469238703
2025-07-23 20:00,3.129149854394491
2025-07-23 21:00,3.4874355351782924
2025-07-23 22:00,3.3947104873066465
2025-07-23 23:00,3.260134096136613
2025-07-24 00:00,4.836131383711839
2025-07-24 01:00,3.9836796717747136
2025-07-24 02:00,3.7835300726485603
2025-07-24 03:00,3.5921957045486543
2025-07-24 04:00,3.480704011308947
2025-07-24 05:00,3.2615693899726645
2025-07-24 06:00,3.7099495481551763
2025-07-24 07:00,5.014480304252355
2025-07-24 08:00,5.209276179606306
2025-07-24 09:00,3.5882180033705358
2025-07-24 10:00,2.937565078637513
2025-07-24 11:00,1.0908773072676547
2025-07-24 12:00,1.3769505425443433
2025-07-24 13:00,1.3890957279822984
2025-07-24 14:00,2.1312288436804976
2025-07-24 15:00,1.9160771630415792
2025-07-24 16:00,4.496697875553341
2025-07-24 17:00,6.398064739939483
2025-07-24 18:00,2.864270610400005
2025-07-24 19:00,1.2196826351885035
2025-07-24 20:00,1.0463593439682013
2025-07-24 21:00,1.338968581019488
2025-07-24 22:00,0.9994351515250934
2025-07-24 23:00,2.3099546665063753
2025-07-25 00:00,0.9154581774895098
2025-07-25 01:00,2.044003182476573
2025-07-25 02:00,2.6685748414631725
2025-07-25 03:00,1.7093587822163367
2025-07-25 04:00,4.059611810389268
2025-07-25 05:00,1.984038384777167
2025-07-25 06:00,2.0918511239239264
2025-07-25 07:00,0.9825582151741056
2025-07-25 08:00,2.728061719591632
2025-07-25 09:00,0.5143167342644095
2025-07-25 10:00,2.895393350559084
2025-07-25 11:00,0.03136084306233212
2025-07-25 12:00,0.0
2025-07-25 13:00,0.5540526506895589
2025-07-25 14:00,1.3164714965624016
2025-07-25 15:00,4.597687053535299
2025-07-25 16:00,10.641074073134892
2025-07-25 17:00,21.57532235782931
2025-07-25 18:00,0.9446197003231487
2025-07-25 19:00,0.9654230084110983
2025-07-25 20:00,1.0365357782858422
2025-07-25 21:00,6.6881409113127575
2025-07-25 22:00,4.763958341381753
2025-07-25 23:00,1.8494488597808374
2025-07-26 00:00,1.5707987601254896
2025-07-26 01:00,1.532275147062931
2025-07-26 02:00,3.077938451608466
2025-07-26 03:00,4.290085481197067
2025-07-26 04:00,9.957918496852736
2025-07-26 05:00,1.6369322087268237
2025-07-26 06:00,0.5814651027929681
2025-07-26 07:00,6.023273420115483
2025-07-26 08:00,12.285605263932709
2025-07-26 09:00,14.050905156764818
2025-07-26 10:00,10.510680360915137
2025-07-26 11:00,16.39730470696777
2025-07-26 12:00,8.96110871348722
2025-07-26 13:00,13.340036336691965
2025-07-26 14:00,19.760663205801087
2025-07-26 15:00,11.099130224090617
2025-07-26 16:00,14.181298566183896
2025-07-26 17:00,10.94036904817574
2025-07-26 18:00,4.240083332942487
2025-07-26 19:00,4.98745358529805
2025-07-26 20:00,14.407270879159249
2025-07-26 21:00,17.204679008724657
2025-07-26 22:00,8.697758101200845
2025-07-26 23:00,3.635399169703379
2025-07-27 00:00,8.192508005848058
2025-07-27 01:00,8.610044992075666
2025-07-27 02:00,7.089315796682393
2025-07-27 03:00,11.030812707052576
2025-07-27 04:00,11.860240810647603
2025-07-27 05:00,11.613356922518197
2025-07-27 06:00,2.837672275016088
2025-07-27 07:00,0.5711621320051856
2025-07-27 08:00,2.81430128000354
2025-07-27 09:00,11.777772239540077
2025-07-27 10:00,5.658279301465944
2025-07-27 11:00,3.634889821525347
2025-07-27 12:00,1.67517331267733
2025-07-27 13:00,5.534409784919057
2025-07-27 14:00,5.534441304893028
2025-07-27 15:00,3.3894244595827816
2025-07-27 16:00,2.517441828344308
2025-07-27 17:00,13.646173326552322
2025-07-27 18:00,1.4930953398457056
2025-07-27 19:00,0.9319753753513569
2025-07-27 20:00,1.2286239189089245
2025-07-27 21:00,0.9996334824994334
2025-07-27 22:00,0.7034522893902835
2025-07-27 23:00,0.7721644005456076
2025-07-28 00:00,1.0598901707199035
2025-07-28 01:00,1.001245228519513
2025-07-28 02:00,1.5066695412357862
2025-07-28 03:00,1.3834050350444527
2025-07-28 04:00,2.3796671719493285
2025-07-28 05:00,1.994076588935446
2025-07-28 06:00,1.1069164997863912
2025-07-28 07:00,1.264528197173191
2025-07-28 08:00,0.586319507749682
2025-07-28 09:00,0.33796382431558186
2025-07-28 10:00,0.5892675179821594
2025-07-28 11:00,0.3588991833082021
2025-07-28 12:00,0.9331876983290345
2025-07-28 13:00,0.0
2025-07-28 14:00,1.4415078547575249
2025-07-28 15:00,1.5949520067866834
2025-07-28 16:00,1.4236645349528556
2025-07-28 17:00,1.2053709121198568
2025-07-28 18:00,1.123623946063423
2025-07-28 19:00,0.6422989209872426
2025-07-28 20:00,1.148719877143
2025-07-28 21:00,1.5792038593426247
2025-07-28 22:00,1.3872247114991885
2025-07-28 23:00,1.4120791686778218
2025-07-29 00:00,2.81204668712964
2025-07-29 01:00,5.090031826833529
2025-07-29 02:00,6.387659126978763
2025-07-29 03:00,5.387739335297578
2025-07-29 04:00,4.854660405496841
2025-07-29 05:00,5.817113443243586
2025-07-29 06:00,6.975791545905401
2025-07-29 07:00,4.20298522441419
2025-07-29 08:00,2.2598609726501375
2025-07-29 09:00,1.5566629913996057
2025-07-29 10:00,1.359904913248757
2025-07-29 11:00,1.4789052795181155
2025-07-29 12:00,1.1353828798203496
2025-07-29 13:00,0.8044321727603374
2025-07-29 14:00,2.9733340114177396
2025-07-29 15:00,2.7765611246170243
2025-07-29 16:00,3.8453608603535203
2025-07-29 17:00,2.4750055759417444
2025-07-29 18:00,2.0125087671839186
2025-07-29 19:00,0.7950650908397093
2025-07-29 20:00,1.7426852580076868
2025-07-29 21:00,2.076006253489867
2025-07-29 22:00,3.207624447120164
2025-07-29 23:00,2.8623587834035416
2025-07-30 00:00,2.1972561826079353
2025-07-30 01:00,2.630157410649468
2025-07-30 02:00,1.070296307061312
2025-07-30 03:00,3.1258906627572753
2025-07-30 04:00,3.2150407534354173
2025-07-30 05:00,3.1619255983468504
2025-07-30 06:00,2.7065692336337337
2025-07-30 07:00,2.3048115825671296
2025-07-30 08:00,1.5049664502737914
2025-07-30 09:00,1.125424475644755
2025-07-30 10:00,0.9108244983900905
2025-07-30 11:00,0.6450010436156258
2025-07-30 12:00,0.5059925227294257
2025-07-30 13:00,1.6593266586223854
2025-07-30 14:00,4.20131094066544
2025-07-30 15:00,3.067306755419303
2025-07-30 16:00,5.3914343406488126
2025-07-30 17:00,2.3804311228563235
2025-07-30 18:00,2.1655905571180036
2025-07-30 19:00,7.455936413789102
2025-07-30 20:00,22.426718025737813
2025-07-30 21:00,14.475590729481548
2025-07-30 22:00,15.435171419440342
2025-07-30 23:00,15.513792313451853
2025-07-31 00:00,18.04427020876491
2025-07-31 01:00,11.16789571157027
2025-07-31 02:00,2.5793661549921474
2025-07-31 03:00,5.836141066274313
2025-07-31 04:00,3.8215463718282794
2025-07-31 05:00,5.608296199963398
2025-07-31 06:00,1.8027172699365406
2025-07-31 07:00,1.2284347180290018
2025-07-31 08:00,0.8256575991443554
2025-07-31 09:00,1.5271058491173308
2025-07-31 10:00,0.8333153903973326
2025-07-31 11:00,0.5048240839240006
2025-07-31 12:00,0.5160846467567752
2025-07-31 13:00,0.7397789391364533
2025-07-31 14:00,2.493114177027167
2025-07-31 15:00,5.813444906859902
2025-07-31 16:00,2.597293632304517
2025-07-31 17:00,2.778146416510924
2025-07-31 18:00,1.0052230383138296
2025-07-31 19:00,1.9489103939901073
2025-07-31 20:00,2.1271009601212376
2025-07-31 21:00,0.9261212376001831
2025-07-31 22:00,6.062313862296485
2025-07-31 23:00,4.0737462791388515
2025-08-01 00:00,2.1383389011345173
2025-08-01 01:00,3.7661235631974557
2025-08-01 02:00,5.991754787754588
2025-08-01 03:00,6.410261436907695
2025-08-01 04:00,3.2490573424552975
2025-08-01 05:00,1.7674189047266802
2025-08-01 06:00,0.5302081476810842
2025-08-01 07:00,0.028719783287955977
2025-08-01 08:00,0.0
2025-08-01 09:00,0.0943945463935988
2025-08-01 10:00,0.1656348366402005
2025-08-01 11:00,0.15954813071805887
2025-08-01 12:00,0.06269196827708019
2025-08-01 13:00,1.266111280527201
2025-08-01 14:00,2.6094562967676187
2025-08-01 15:00,3.868631321258887
2025-08-01 16:00,3.3012762479988966
2025-08-01 17:00,3.123882663585397
2025-08-01 18:00,2.991087798971859
2025-08-01 19:00,2.295237233768697
2025-08-01 20:00,3.241596961977752
2025-08-01 21:00,0.3689258555170546
2025-08-01 22:00,1.116260853838175
2025-08-01 23:00,1.116509134996759
2025-08-02 00:00,0.9443004086524154
2025-08-02 01:00,1.164157140695015
2025-08-02 02:00,0.980441251124561
2025-08-02 03:00,2.0130466348433744
2025-08-02 04:00,0.4025309241942299
2025-08-02 05:00,0.5328071383286871
2025-08-02 06:00,2.122119927109694
2025-08-02 07:00,0.0
2025-08-02 08:00,0.0
2025-08-02 09:00,0.0
2025-08-02 10:00,0.0
2025-08-02 11:00,0.08900278430952735
2025-08-02 12:00,0.2516306562511358
2025-08-02 13:00,0.5371677049299904
2025-08-02 14:00,2.5529758930903506
2025-08-02 15:00,3.1316741168848288
2025-08-02 16:00,2.6937484303446864
2025-08-02 17:00,3.0633123100157253
2025-08-02 18:00,1.875150752524102
2025-08-02 19:00,2.5466995125931264
2025-08-02 20:00,0.600777242455528
2025-08-02 21:00,1.1317884587568692
2025-08-02 22:00,1.465454140415342
2025-08-02 23:00,1.0072643067303224
2025-08-03 00:00,1.458606184667594
2025-08-03 01:00,1.196513900753511
2025-08-03 02:00,1.5974844706044327
2025-08-03 03:00,1.724420652486576
2025-08-03 04:00,1.7201468387590604
2025-08-03 05:00,3.656205904608172
2025-08-03 06:00,1.4802714679929891
2025-08-03 07:00,0.34034713507241704
2025-08-03 08:00,0.11365522924088808
2025-08-03 09:00,0.24731966180493772
2025-08-03 10:00,0.20907472682689382
2025-08-03 11:00,1.0792818186979465
2025-08-03 12:00,2.760134349151783
2025-08-03 13:00,1.7081436453927985
2025-08-03 14:00,3.604685117375534
2025-08-03 15:00,2.3465324954017475
2025-08-03 16:00,2.539703748356234
2025-08-03 17:00,3.837136358602206
2025-08-03 18:00,2.7575988717686077
2025-08-03 19:00,2.271819702416106
2025-08-03 20:00,0.9358872773069216
2025-08-03 21:00,1.8838363729143752
2025-08-03 22:00,20.88977414530699
2025-08-03 23:00,4.330746682897051
2025-08-04 00:00,37.63026433950572
2025-08-04 01:00,39.53969042875812
2025-08-04 02:00,38.76010788610906
2025-08-04 03:00,21.617295640350356
2025-08-04 04:00,28.87601314705542
2025-08-04 05:00,21.981228003081533
2025-08-04 06:00,26.103957208607635
2025-08-04 07:00,30.327296886481538
2025-08-04 08:00,22.867608568390875
2025-08-04 09:00,28.682307058241836
2025-08-04 10:00,25.29776449656486
2025-08-04 11:00,22.909461842961136
2025-08-04 12:00,22.580380667035723
2025-08-04 13:00,24.781001100427314
2025-08-04 14:00,30.835129956450785
2025-08-04 15:00,25.503689389526798
2025-08-04 16:00,23.721375291534986
2025-08-04 17:00,24.691659068894573
2025-08-04 18:00,25.426465489828757
2025-08-04 19:00,26.02034624287358
2025-08-04 20:00,27.99393436018011
2025-08-04 21:00,26.2583407120173
2025-08-04 22:00,28.206623081446974
2025-08-04 23:00,28.3562151936138
2025-08-05 00:00,0.0
2025-08-05 01:00,0.5903943374429907
2025-08-05 02:00,0.7275574200176702
2025-08-05 03:00,1.6560605014020995
2025-08-05 04:00,1.2507080468829808
2025-08-05 05:00,2.187594281608331
2025-08-05 06:00,0.34572313421669587
2025-08-05 07:00,1.820710406913814
2025-08-05 08:00,0.7300308698379872
2025-08-05 09:00,0.24989411708173687
2025-08-05 10:00,0.0
2025-08-05 11:00,0.10836769567880498
2025-08-05 12:00,0.0
2025-08-05 13:00,2.6498164569848535
2025-08-05 14:00,9.120425062773416
2025-08-05 15:00,14.4643555471815
2025-08-05 16:00,17.71455608214716
2025-08-05 17:00,22.439296282614055
2025-08-05 18:00,20.234502853531325
2025-08-05 19:00,23.126206587532586
2025-08-05 20:00,24.00148607540966
2025-08-05 21:00,28.767410654416427
2025-08-05 22:00,31.41790361947038
2025-08-05 23:00,37.7475788177295
2025-08-06 00:00,32.18295814646272
2025-08-06 01:00,33.309781715174125
2025-08-06 02:00,24.654485932954415
2025-08-06 03:00,29.743715606114137
2025-08-06 04:00,20.320391373760625
2025-08-06 05:00,23.91553595915895
2025-08-06 06:00,24.119521768136526
2025-08-06 07:00,26.9146640519889
2025-08-06 08:00,29.361446579669536
2025-08-06 09:00,28.289291078942938
2025-08-06 10:00,30.587573673192395
2025-08-06 11:00,24.47086172689877
2025-08-06 12:00,29.85631245429833
2025-08-06 13:00,30.739418314020106
2025-08-06 14:00,33.38771931736792
2025-08-06 15:00,24.72898050485491
2025-08-06 16:00,18.27732315132021
2025-08-06 17:00,19.982805391417777
2025-08-06 18:00,16.10657076022605
2025-08-06 19:00,15.653052670664158
2025-08-06 20:00,13.358732522283006
2025-08-06 21:00,10.983923315159643
2025-08-06 22:00,2.9577059581466054
2025-08-06 23:00,2.365767291484234
2025-08-07 00:00,4.790951299862301
2025-08-07 01:00,4.042026777282451
2025-08-07 02:00,1.1538126600144425
2025-08-07 03:00,2.9908332489102367
2025-08-07 04:00,3.2282238432845585
2025-08-07 05:00,1.0237367850340777
2025-08-07 06:00,1.1241049944749013
2025-08-07 07:00,0.4761351737562505
2025-08-07 08:00,0.004902525937709164
2025-08-07 09:00,1.4025561251691074
2025-08-07 10:00,1.6199562337555589
2025-08-07 11:00,0.8216094853219528
2025-08-07 12:00,0.7904001743912764
2025-08-07 13:00,0.5308277394729768
2025-08-07 14:00,1.7401006115775508
2025-08-07 15:00,2.2567203312586517
2025-08-07 16:00,2.916431922983421
2025-08-07 17:00,1.6401825539680854
2025-08-07 18:00,1.1939599911020349
2025-08-07 19:00,0.02253502292113795
2025-08-07 20:00,3.3651957716004186
2025-08-07 21:00,0.43500785808287085
2025-08-07 22:00,0.8677704759031403
2025-08-07 23:00,0.6685314447121595
2025-08-08 00:00,2.2603980631744807
2025-08-08 01:00,1.9578068054469673
2025-08-08 02:00,1.4831304867796409
2025-08-08 03:00,0.22956040541710776
2025-08-08 04:00,0.7317389001845082
2025-08-08 05:00,0.922978434926948
2025-08-08 06:00,1.0452310833709864
2025-08-08 07:00,0.2084065972387094
2025-08-08 08:00,0.07804454660924108
2025-08-08 09:00,0.0
2025-08-08 10:00,0.0
2025-08-08 11:00,0.0
2025-08-08 12:00,0.0
2025-08-08 13:00,0.11854455658918664
2025-08-08 14:00,3.05941074771658
2025-08-08 15:00,2.121710496602689
2025-08-08 16:00,1.4091159672079334
2025-08-08 17:00,1.4919389768836262
2025-08-08 18:00,1.4626935182791436
2025-08-08 19:00,0.23858400072837352
2025-08-08 20:00,0.0
2025-08-08 21:00,0.3766284961570726
2025-08-08 22:00,0.20427094005781152
2025-08-08 23:00,0.34427996934934585
2025-08-09 00:00,0.6564925698601468
2025-08-09 01:00,0.29647219050243473
2025-08-09 02:00,0.4008664474594061
2025-08-09 03:00,2.0111803292239867
2025-08-09 04:00,0.917396118123228
2025-08-09 05:00,9.610461898301782
2025-08-09 06:00,1.8502438735245594
2025-08-09 07:00,0.4086238515803633
2025-08-09 08:00,0.34664581901706426
2025-08-09 09:00,1.2298856300870755
2025-08-09 10:00,1.6328786780887028
2025-08-09 11:00,0.0
2025-08-09 12:00,5.951926902779387
2025-08-09 13:00,3.0477152928295053
2025-08-09 14:00,4.367665273864278
2025-08-09 15:00,9.533994578637001
2025-08-09 16:00,30.405841493746664
2025-08-09 17:00,33.07309878431125
2025-08-09 18:00,32.96450582054447
2025-08-09 19:00,29.318348214367735
2025-08-09 20:00,19.08835254930702
2025-08-09 21:00,17.28796488137246
2025-08-09 22:00,16.06524346710084
2025-08-09 23:00,8.946277329529554
2025-08-10 00:00,4.679413599465065
2025-08-10 01:00,26.291527427466267
2025-08-10 02:00,16.007666679456328
2025-08-10 03:00,29.951308982244733
2025-08-10 04:00,32.15805220685972
2025-08-10 05:00,35.65830391495302
2025-08-10 06:00,28.166222695111514
2025-08-10 07:00,30.30419047291275
2025-08-10 08:00,23.709309703927296
2025-08-10 09:00,27.325126563425037
2025-08-10 10:00,38.739695523147574
2025-08-10 11:00,34.834310384574394
2025-08-10 12:00,32.33683009505219
2025-08-10 13:00,30.895287788803
2025-08-10 14:00,26.05772054794493
2025-08-10 15:00,17.942697025788565
2025-08-10 16:00,13.70522866185814
2025-08-10 17:00,11.830141883710738
2025-08-10 18:00,8.220038782071184
2025-08-10 19:00,7.137294184062357
2025-08-10 20:00,5.12567340883015
2025-08-10 21:00,6.32297785574444
2025-08-10 22:00,4.107897587683015
2025-08-10 23:00,1.5457577068877038
2025-08-11 00:00,0.879479987290009
2025-08-11 01:00,1.120193003786553
2025-08-11 02:00,0.7138835345450324
2025-08-11 03:00,0.7957021793313527
2025-08-11 04:00,0.9843828275073561
2025-08-11 05:00,1.5580400344309822
2025-08-11 06:00,0.5647134488837094
2025-08-11 07:00,0.8531499675435079
2025-08-11 08:00,1.6187349472833914
2025-08-11 09:00,0.11909568112347899
2025-08-11 10:00,0.0
2025-08-11 11:00,0.06413801924973007
2025-08-11 12:00,4.0821650953303745
2025-08-11 13:00,6.35176660845091
2025-08-11 14:00,3.1733012181177913
2025-08-11 15:00,21.117203441833116
2025-08-11 16:00,29.384817929677318
2025-08-11 17:00,13.474056766280277
2025-08-11 18:00,1.962794967271044
2025-08-11 19:00,2.9710841095756617
2025-08-11 20:00,4.251744357001083
2025-08-11 21:00,1.2560017121089593
2025-08-11 22:00,2.8369400093505024
2025-08-11 23:00,1.6424369216262342
2025-08-12 00:00,3.6500120920079557
2025-08-12 01:00,0.25965079330207463
2025-08-12 02:00,0.4404628411497464
2025-08-12 03:00,0.5503743423784501
2025-08-12 04:00,0.8595413371935402
2025-08-12 05:00,0.7464157104764901
2025-08-12 06:00,0.05054927861047588
2025-08-12 07:00,0.3537991478845359
2025-08-12 08:00,0.2898160508747023
2025-08-12 09:00,0.17568964243566126
2025-08-12 10:00,24.638606277344092
2025-08-12 11:00,20.55443720202881
2025-08-12 12:00,5.565839453555665
2025-08-12 13:00,5.168243428075723
2025-08-12 14:00,4.462699452089251
2025-08-12 15:00,25.29335333502199
2025-08-12 16:00,1.9315563201184276
2025-08-12 17:00,8.283795851689176
2025-08-12 18:00,15.781175964974707
2025-08-12 19:00,9.283378452251794
2025-08-12 20:00,25.01121318648495
2025-08-12 21:00,0.8475634277705569
2025-08-12 22:00,10.213358731731724
2025-08-12 23:00,3.5403172800439497
2025-08-13 00:00,4.76343268309535
2025-08-13 01:00,19.93862866969087
2025-08-13 02:00,26.573580838105364
2025-08-13 03:00,23.52922770293809
2025-08-13 04:00,11.159356320523806
2025-08-13 05:00,12.73360800347262
2025-08-13 06:00,23.248495357318003
2025-08-13 07:00,32.06761451875183
2025-08-13 08:00,35.61342459665892
2025-08-13 09:00,38.56342774008336
2025-08-13 10:00,36.25200757427139
2025-08-13 11:00,34.87881921899333
2025-08-13 12:00,36.05653294932433
2025-08-13 13:00,34.48502178445072
2025-08-13 14:00,34.512961536982175
2025-08-13 15:00,33.69337661272104
2025-08-13 16:00,31.667241785870996
2025-08-13 17:00,33.663425080217195
2025-08-13 18:00,30.032635823096903
2025-08-13 19:00,26.554349344902505
2025-08-13 20:00,27.369527551327455
2025-08-13 21:00,27.094776249400898
2025-08-13 22:00,29.55851261659222
2025-08-13 23:00,30.26316649263166
2025-08-14 00:00,30.068133228308685
2025-08-14 01:00,23.163250730399348
2025-08-14 02:00,11.628872425294773
2025-08-14 03:00,11.98656841242161
2025-08-14 04:00,14.973210095963442
2025-08-14 05:00,10.111373982311957
2025-08-14 06:00,7.400494438461921
2025-08-14 07:00,9.524015264372034
2025-08-14 08:00,18.557187544675784
2025-08-14 09:00,15.549545534517504
2025-08-14 10:00,21.004446126358594
2025-08-14 11:00,15.492066658584879
2025-08-14 12:00,11.593500317450086
2025-08-14 13:00,5.46802323740354
2025-08-14 14:00,6.953937346311251
2025-08-14 15:00,8.902709245740317
2025-08-14 16:00,11.90670603110936
2025-08-14 17:00,8.204216871941195
2025-08-14 18:00,7.925837372691704
2025-08-14 19:00,1.4527091825799496
2025-08-14 20:00,0.30202294243452577
2025-08-14 21:00,1.5878492025272994
2025-08-14 22:00,3.7854130203201217
2025-08-14 23:00,7.649965931457444
2025-08-15 00:00,0.6650392559758475
2025-08-15 01:00,0.8714508538858754
2025-08-15 02:00,0.6855879780902743
2025-08-15 03:00,0.6646596417122507
2025-08-15 04:00,1.3075175563434915
2025-08-15 05:00,1.7465506434139235
2025-08-15 06:00,1.4938872025715113
2025-08-15 07:00,2.1892456312507824
2025-08-15 08:00,0.4806703263844274
2025-08-15 09:00,0.0
2025-08-15 10:00,0.0
2025-08-15 11:00,0.0
2025-08-15 12:00,0.92637125623772
2025-08-15 13:00,1.8116144330611528
2025-08-15 14:00,1.1596745413874852
2025-08-15 15:00,1.8824987793520844
2025-08-15 16:00,0.39714367741359147
2025-08-15 17:00,0.389055338878007
2025-08-15 18:00,1.6882434637969346
2025-08-15 19:00,0.2743669218315559
2025-08-15 20:00,0.023811602311321747
2025-08-15 21:00,0.0
2025-08-15 22:00,0.0
2025-08-15 23:00,0.42738956974578435
2025-08-16 00:00,0.0
2025-08-16 01:00,0.07049749910362896
2025-08-16 02:00,0.0
2025-08-16 03:00,0.0
2025-08-16 04:00,0.0
2025-08-16 05:00,0.0
2025-08-16 06:00,0.06686537235797309
2025-08-16 07:00,0.5110647890157709
2025-08-16 08:00,2.3253540843511225
2025-08-16 09:00,0.0
2025-08-16 10:00,0.0
2025-08-16 11:00,0.28248590335646456
2025-08-16 12:00,0.08022888030554089
2025-08-16 13:00,2.0471041819836837
2025-08-16 14:00,2.726386156864673
2025-08-16 15:00,1.9301214309144243
2025-08-16 16:00,1.179637293335471
2025-08-16 17:00,0.9169675747176228
2025-08-16 18:00,0.0
2025-08-16 19:00,0.0
2025-08-16 20:00,0.6078919906333222
2025-08-16 21:00,0.1325659600509635
2025-08-16 22:00,0.013946441031503559
2025-08-16 23:00,3.5117695246220975
2025-08-17 00:00,2.136157160573941
2025-08-17 01:00,4.095653624979209
2025-08-17 02:00,1.984129544260984
2025-08-17 03:00,1.0026722385518871
2025-08-17 04:00,2.656654154985495
2025-08-17 05:00,2.7098669214606153
2025-08-17 06:00,1.7721345142787446
2025-08-17 07:00,2.1297623791090974
2025-08-17 08:00,2.6992022130985833
2025-08-17 09:00,0.0
2025-08-17 10:00,0.0
2025-08-17 11:00,0.0
2025-08-17 12:00,0.009492594591906255
2025-08-17 13:00,1.4170189126624044
2025-08-17 14:00,2.836304726508514
2025-08-17 15:00,1.971850724875725
2025-08-17 16:00,1.170062349473821
2025-08-17 17:00,0.3013368049901181
2025-08-17 18:00,0.3916134727532521
2025-08-17 19:00,0.24192590269338574
2025-08-17 20:00,0.44616363821150395
2025-08-17 21:00,0.026893622392314735
2025-08-17 22:00,0.23562242883868587
2025-08-17 23:00,0.0
2025-08-18 00:00,0.0
2025-08-18 01:00,0.08995203262179757
2025-08-18 02:00,0.0
2025-08-18 03:00,7.562587194129268
2025-08-18 04:00,0.0299058016629896
2025-08-18 05:00,6.103071184502618
2025-08-18 06:00,6.085592899621127
2025-08-18 07:00,1.6717076087514962
2025-08-18 08:00,0.4446413162506273
2025-08-18 09:00,2.9877789210733483
2025-08-18 10:00,0.07664727309777708
2025-08-18 11:00,0.0
2025-08-18 12:00,0.0
2025-08-18 13:00,0.17841439145036742
2025-08-18 14:00,1.325950540646299
2025-08-18 15:00,4.499429818875649
2025-08-18 16:00,2.437667693625064
2025-08-18 17:00,0.7586623878967163
2025-08-18 18:00,0.5296295178852837
2025-08-18 19:00,0.2918088138902119
2025-08-18 20:00,0.0003223872904251441
2025-08-18 21:00,3.0084342155681503
2025-08-18 22:00,2.7481587156097014
2025-08-18 23:00,7.868505811887804
2025-08-19 00:00,8.598485373056732
2025-08-19 01:00,8.27377281027145
2025-08-19 02:00,7.209414578336199
2025-08-19 03:00,8.272179799295623
2025-08-19 04:00,8.847973793082332
2025-08-19 05:00,8.422184382903959
2025-08-19 06:00,8.566736244417815
2025-08-19 07:00,7.073475807844706
2025-08-19 08:00,15.817756356201581
2025-08-19 09:00,11.796299128108538
2025-08-19 10:00,4.672009600144432
2025-08-19 11:00,2.3253781484371845
2025-08-19 12:00,8.699006609413935
2025-08-19 13:00,9.140314270626062
2025-08-19 14:00,10.715145638308028
2025-08-19 15:00,6.483940651720917
2025-08-19 16:00,9.366087897523242
2025-08-19 17:00,4.987567165200737
2025-08-19 18:00,3.5472176122875902
2025-08-19 19:00,5.196850148465935
2025-08-19 20:00,6.607636702203748
2025-08-19 21:00,7.8731555062908
2025-08-19 22:00,0.9359025333080961
2025-08-19 23:00,5.938324876941178
2025-08-20 00:00,5.261162869035438
2025-08-20 01:00,1.5317954710353807
2025-08-20 02:00,6.264931234246793
2025-08-20 03:00,9.345046971980963
2025-08-20 04:00,6.302214745318303
2025-08-20 05:00,7.137455562721716
2025-08-20 06:00,7.884020393212897
2025-08-20 07:00,13.843757090382558
2025-08-20 08:00,21.519950200171706
2025-08-20 09:00,11.41015713972765
2025-08-20 10:00,3.0308008153469896
2025-08-20 11:00,1.871294164121575
2025-08-20 12:00,7.570382183317604
2025-08-20 13:00,5.092285648043155
2025-08-20 14:00,10.031334337871147
2025-08-20 15:00,4.062249762015382
2025-08-20 16:00,5.534211264628179
2025-08-20 17:00,4.332565570077598
2025-08-20 18:00,1.805686659396604
2025-08-20 19:00,0.3117515715770992
2025-08-20 20:00,0.08207989954010535
2025-08-20 21:00,0.044947113908345424
2025-08-20 22:00,0.0
2025-08-20 23:00,0.0
2025-08-21 00:00,0.04927239838116804
2025-08-21 01:00,0.0
2025-08-21 02:00,0.0
2025-08-21 03:00,0.5118714728723976
2025-08-21 04:00,0.6535279720948395
2025-08-21 05:00,0.148717249209819
2025-08-21 06:00,0.0
2025-08-21 07:00,0.03205181650430583
2025-08-21 08:00,0.0
2025-08-21 09:00,2.5183707093413337
2025-08-21 10:00,0.886397023559566
2025-08-21 11:00,0.0
2025-08-21 12:00,0.10516489204470095
2025-08-21 13:00,0.581543507952021
2025-08-21 14:00,1.5660707611448048
2025-08-21 15:00,2.255877737553664
2025-08-21 16:00,1.858323771618308
2025-08-21 17:00,1.376276038645739
2025-08-21 18:00,3.533874355571949
2025-08-21 19:00,0.336588696460206
2025-08-21 20:00,0.0
2025-08-21 21:00,0.04278101299264545
2025-08-21 22:00,0.1268691290892881
2025-08-21 23:00,0.0
2025-08-22 00:00,0.0
2025-08-22 01:00,0.3322102082901766
2025-08-22 02:00,0.0
2025-08-22 03:00,0.0
2025-08-22 04:00,0.18634529216384418
2025-08-22 05:00,0.04205826040431098
2025-08-22 06:00,0.0
2025-08-22 07:00,0.641009954405864
2025-08-22 08:00,0.1312996747514698
2025-08-22 09:00,0.019455502636873477
2025-08-22 10:00,0.0
2025-08-22 11:00,0.22301907985821073
2025-08-22 12:00,0.20445006418919695
2025-08-22 13:00,1.2005502193468338
2025-08-22 14:00,1.263606254849251
2025-08-22 15:00,2.495933885709129
2025-08-22 16:00,1.7294014629913113
2025-08-22 17:00,1.2421497537182702
2025-08-22 18:00,0.8032575934702377
2025-08-22 19:00,0.13894012226765806
2025-08-22 20:00,0.0
2025-08-22 21:00,0.05066544904777547
2025-08-22 22:00,0.0
2025-08-22 23:00,0.35401592294720696
2025-08-23 00:00,0.2705271330970443
2025-08-23 01:00,0.0
2025-08-23 02:00,0.0
2025-08-23 03:00,0.2697779801950012
2025-08-23 04:00,0.0
2025-08-23 05:00,0.0
2025-08-23 06:00,0.20921919552109597
2025-08-23 07:00,0.014020321003345217
2025-08-23 08:00,1.2667388439868759
2025-08-23 09:00,0.3023962593288975
2025-08-23 10:00,0.8883789617685495
2025-08-23 11:00,0.0360658812670627
2025-08-23 12:00,0.11256341000525084
2025-08-23 13:00,1.6119246552575959
2025-08-23 14:00,2.184613875483094
2025-08-23 15:00,1.8332989598260876
2025-08-23 16:00,0.8922547165510346
2025-08-23 17:00,1.2649780950020957
2025-08-23 18:00,0.4859113295180182
2025-08-23 19:00,0.13664295214572697
2025-08-23 20:00,0.18928533606450665
2025-08-23 21:00,0.32093538134701255
2025-08-23 22:00,0.22156116046297272
2025-08-23 23:00,0.16537977187967665
2025-08-24 00:00,0.15874529903486348
2025-08-24 01:00,0.37364427179485654
2025-08-24 02:00,0.4651764411353089
2025-08-24 03:00,3.3408800433291415
2025-08-24 04:00,0.7608752056067705
2025-08-24 05:00,0.22295103877411906
2025-08-24 06:00,6.066294705329792
2025-08-24 07:00,1.0748020015038553
2025-08-24 08:00,0.8887231053951016
2025-08-24 09:00,0.37114797854879544
2025-08-24 10:00,0.3244822960812759
2025-08-24 11:00,0.251272631882088
2025-08-24 12:00,2.311224050119649
2025-08-24 13:00,6.8872614181552745
2025-08-24 14:00,4.922336652871816
2025-08-24 15:00,4.317340613341725
2025-08-24 16:00,2.840476438898916
2025-08-24 17:00,2.2147844187635597
2025-08-24 18:00,0.5731092342618573
2025-08-24 19:00,0.32125411545077215
2025-08-24 20:00,0.43581546559930123
2025-08-24 21:00,0.435656155993139
2025-08-24 22:00,0.7280935356348379
2025-08-24 23:00,0.9025940206817276
2025-08-25 00:00,2.9418640658624806
2025-08-25 01:00,6.947954126784534
2025-08-25 02:00,9.507230362581744
2025-08-25 03:00,6.783080697524195
2025-08-25 04:00,5.635020290959704
2025-08-25 05:00,7.37654497428374
2025-08-25 06:00,5.855279975425113
2025-08-25 07:00,8.747460086339045
2025-08-25 08:00,9.571158795126582
2025-08-25 09:00,8.794991372112273
2025-08-25 10:00,11.764133787208113
2025-08-25 11:00,8.190746115743798
2025-08-25 12:00,1.0742915098481163
2025-08-25 13:00,11.476778843966281
2025-08-25 14:00,12.846489612688911
2025-08-25 15:00,6.187334988915829
2025-08-25 16:00,7.59416720831386
2025-08-25 17:00,15.09340318272608
2025-08-25 18:00,15.523375230756196
2025-08-25 19:00,13.016580031593216
2025-08-25 20:00,11.221040493462644
2025-08-25 21:00,15.179604956418059
2025-08-25 22:00,22.854862056929168
2025-08-25 23:00,14.939311172866113
2025-08-26 00:00,25.273220076058006
2025-08-26 01:00,25.737834043680756
2025-08-26 02:00,26.349633326288338
2025-08-26 03:00,29.439975004915222
2025-08-26 04:00,30.153536107239276
2025-08-26 05:00,33.518596030337115
2025-08-26 06:00,38.757606660113076
2025-08-26 07:00,35.87389304648914
2025-08-26 08:00,30.512244613740567
2025-08-26 09:00,18.993825356262978
2025-08-26 10:00,18.291012767981766
2025-08-26 11:00,22.380723231737495
2025-08-26 12:00,3.1053557743953544
2025-08-26 13:00,0.949006389949824
2025-08-26 14:00,0.7376552039639361
2025-08-26 15:00,0.09655276820828962
2025-08-26 16:00,1.55733675557029
2025-08-26 17:00,0.3281610942771954
2025-08-26 18:00,0.009290295840430089
2025-08-26 19:00,0.8055766107380481
2025-08-26 20:00,11.403858093170124
2025-08-26 21:00,1.0037657902879755
2025-08-26 22:00,0.9295606710091935
2025-08-26 23:00,1.069337547606808
2025-08-27 00:00,0.27709392983497116
2025-08-27 01:00,0.5006659234706146
2025-08-27 02:00,0.6065061287988277
2025-08-27 03:00,0.4415246855825104
2025-08-27 04:00,2.0529843291536727
2025-08-27 05:00,0.4630688682914074
2025-08-27 06:00,0.794882887267321
2025-08-27 07:00,0.03196165053473826
2025-08-27 08:00,0.08326683903785642
2025-08-27 09:00,1.0399450950260414
2025-08-27 10:00,0.0
2025-08-27 11:00,0.5778411644579842
2025-08-27 12:00,0.17061677594698144
2025-08-27 13:00,0.49910691752938635
2025-08-27 14:00,1.4176025669792363
2025-08-27 15:00,1.6949452365417113
2025-08-27 16:00,1.937030647761542
2025-08-27 17:00,1.4051650708129138
2025-08-27 18:00,0.3136923133488497
2025-08-27 19:00,0.0
2025-08-27 20:00,0.0
2025-08-27 21:00,0.08338439066887877
2025-08-27 22:00,0.792624209240975
2025-08-27 23:00,0.8856178672529045
2025-08-28 00:00,0.06271963827566439
2025-08-28 01:00,0.0
2025-08-28 02:00,0.05854122076684851
2025-08-28 03:00,1.5487194253895942
2025-08-28 04:00,6.187834875069403
2025-08-28 05:00,2.104098901746705
2025-08-28 06:00,3.560623745105653
2025-08-28 07:00,2.377446323406525
2025-08-28 08:00,0.12340588939030471
2025-08-28 09:00,1.8448512840895401
2025-08-28 10:00,2.839381438981961
2025-08-28 11:00,19.383279589601447
2025-08-28 12:00,20.689908380195895
2025-08-28 13:00,3.70702731633027
2025-08-28 14:00,6.201195290483226
2025-08-28 15:00,6.762959151359239
2025-08-28 16:00,7.677012310682657
2025-08-28 17:00,5.608451609100261
2025-08-28 18:00,7.712607008393388
2025-08-28 19:00,4.9865082799036875
2025-08-28 20:00,0.5134234341725583
2025-08-28 21:00,0.33264618269869756
2025-08-28 22:00,5.207651359237319
2025-08-28 23:00,11.979039095873345
2025-08-29 00:00,8.33343126579332
2025-08-29 01:00,9.995771233989858
2025-08-29 02:00,18.427744448307706
2025-08-29 03:00,9.995396216795307
2025-08-29 04:00,14.68721336150683
2025-08-29 05:00,17.66600736312581
2025-08-29 06:00,12.163324832138365
2025-08-29 07:00,8.791254037926102
2025-08-29 08:00,6.079154777784897
2025-08-29 09:00,8.164127816141564
2025-08-29 10:00,1.7258279970738863
2025-08-29 11:00,11.4573396899582
2025-08-29 12:00,4.115222373717594
2025-08-29 13:00,5.534749429137557
2025-08-29 14:00,4.523794592658747
2025-08-29 15:00,9.272531474821033
2025-08-29 16:00,4.4598146167267245
2025-08-29 17:00,4.597508135815058
2025-08-29 18:00,2.3825073566471087
2025-08-29 19:00,0.7826963413157421
2025-08-29 20:00,0.2778455538400389
2025-08-29 21:00,0.17048952011495316
2025-08-29 22:00,2.170653959248889
2025-08-29 23:00,0.20035377785788167
2025-08-30 00:00,0.3610016869148702
2025-08-30 01:00,5.976350036826794
2025-08-30 02:00,0.6119435255217012
2025-08-30 03:00,3.399829051251501
2025-08-30 04:00,4.210961156654081
2025-08-30 05:00,4.954036120328348
2025-08-30 06:00,5.80511607884809
2025-08-30 07:00,4.538090665976365
2025-08-30 08:00,0.24446963880372372
2025-08-30 09:00,0.016112597481479994
2025-08-30 10:00,0.014926325548395505
2025-08-30 11:00,0.1347105739153313
2025-08-30 12:00,0.31923185547610805
2025-08-30 13:00,0.7635913853344968
2025-08-30 14:00,1.6691496163987312
2025-08-30 15:00,3.674168461833443
2025-08-30 16:00,3.1353522829137805
2025-08-30 17:00,0.4757835808483375
2025-08-30 18:00,0.6253037375461125
2025-08-30 19:00,0.28546684480078266
2025-08-30 20:00,0.1764582967917858
2025-08-30 21:00,0.23338507241019865
2025-08-30 22:00,0.21759885698218523
2025-08-30 23:00,0.028237200156419406
2025-08-31 00:00,0.2094418078238886
2025-08-31 01:00,0.9486646871537163
2025-08-31 02:00,0.0965121691551538
2025-08-31 03:00,0.593295903293736
2025-08-31 04:00,0.15810539622633188
2025-08-31 05:00,0.04990175284918928
2025-08-31 06:00,0.0
2025-08-31 07:00,0.4137328604932053
2025-08-31 08:00,1.7240079827368129
2025-08-31 09:00,0.5173863584269464
2025-08-31 10:00,1.1455679513734143
2025-08-31 11:00,10.701329479038266
2025-08-31 12:00,8.853511465892383
2025-08-31 13:00,1.7363835663674065
2025-08-31 14:00,9.883787069448863
2025-08-31 15:00,20.29776474599394
2025-08-31 16:00,7.736496780103164
2025-08-31 17:00,5.415867670292783
2025-08-31 18:00,10.097711362383482
2025-08-31 19:00,7.300854230867112
2025-08-31 20:00,0.9654270334929094
2025-08-31 21:00,8.086178103459407
2025-08-31 22:00,17.870821425703994
2025-08-31 23:00,16.676844254506737
2025-09-01 00:00,21.6740257391171
2025-09-01 01:00,27.88701008729032
2025-09-01 02:00,25.927846377876374
2025-09-01 03:00,17.329440768005714
2025-09-01 04:00,20.03191171578569
2025-09-01 05:00,36.2427688584887
2025-09-01 06:00,21.94696872504913
2025-09-01 07:00,29.83532030207998
2025-09-01 08:00,33.1711590718695
2025-09-01 09:00,26.639063735298212
2025-09-01 10:00,31.56146503570851
2025-09-01 11:00,28.427324621833428
2025-09-01 12:00,28.45763503707058
2025-09-01 13:00,29.153836396598933
2025-09-01 14:00,28.41980651765455
2025-09-01 15:00,32.2271324475741
2025-09-01 16:00,33.76706164639226
2025-09-01 17:00,26.194321308804707
2025-09-01 18:00,20.430006772766678
2025-09-01 19:00,26.644561660486897
2025-09-01 20:00,16.311582551941015
2025-09-01 21:00,10.023661926347854
2025-09-01 22:00,0.0
2025-09-01 23:00,0.0
2025-09-02 00:00,0.0
2025-09-02 01:00,0.33352822381075753
2025-09-02 02:00,0.8562107362003555
2025-09-02 03:00,1.6000622001854028
2025-09-02 04:00,2.982239627109215
2025-09-02 05:00,2.0546989561858457
2025-09-02 06:00,2.099622895454982
2025-09-02 07:00,0.8712525319193943
2025-09-02 08:00,0.4358362221595332
2025-09-02 09:00,2.0222435010690973
2025-09-02 10:00,0.0
2025-09-02 11:00,0.0
2025-09-02 12:00,0.1039690815902275
2025-09-02 13:00,1.4840308292134232
2025-09-02 14:00,2.5960504722170814
2025-09-02 15:00,0.9182360083819249
2025-09-02 16:00,0.9678321601671832
2025-09-02 17:00,0.9932661540832581
2025-09-02 18:00,0.8528499846083133
2025-09-02 19:00,0.08534321923397126
2025-09-02 20:00,0.0
2025-09-02 21:00,0.8500061572308195
2025-09-02 22:00,0.0
2025-09-02 23:00,1.8396675230117632
2025-09-03 00:00,0.8572509949643415
2025-09-03 01:00,0.3647391492367738
2025-09-03 02:00,0.3595405450902413
2025-09-03 03:00,0.3747563208417694
2025-09-03 04:00,0.3910552131169015
2025-09-03 05:00,0.22632469261421892
2025-09-03 06:00,1.4991113036723496
2025-09-03 07:00,0.24684259855972793
2025-09-03 08:00,0.20730945002152248
2025-09-03 09:00,0.0
2025-09-03 10:00,0.0
2025-09-03 11:00,0.0
2025-09-03 12:00,5.172308794171764
2025-09-03 13:00,0.17944629297204379
2025-09-03 14:00,1.0174838286291392
2025-09-03 15:00,1.0573883674337907
2025-09-03 16:00,0.9054622949961182
2025-09-03 17:00,1.6312669127820412
2025-09-03 18:00,2.523706366537079
2025-09-03 19:00,0.3681410926733709
2025-09-03 20:00,0.0
2025-09-03 21:00,0.0
2025-09-03 22:00,4.9098493925600675
2025-09-03 23:00,8.966825860415476
2025-09-04 00:00,0.03140999975503611
2025-09-04 01:00,0.0
2025-09-04 02:00,0.2220080533956256
2025-09-04 03:00,1.466549079558883
2025-09-04 04:00,2.0276689097913216
2025-09-04 05:00,1.0967901144755416
2025-09-04 06:00,1.3494077605570827
2025-09-04 07:00,6.8613417304750355
2025-09-04 08:00,3.136153568147081
2025-09-04 09:00,0.030656067003806863
2025-09-04 10:00,0.764419146199837
2025-09-04 11:00,3.218324562592401
2025-09-04 12:00,2.5984690479273653
2025-09-04 13:00,5.378378112614415
2025-09-04 14:00,18.170747695661863
2025-09-04 15:00,15.49659769500131
2025-09-04 16:00,6.4733696720428275
2025-09-04 17:00,7.711895924788354
2025-09-04 18:00,8.676223524756976
2025-09-04 19:00,8.790980732353209
2025-09-04 20:00,11.300599620404812
2025-09-04 21:00,4.20307345511332
2025-09-04 22:00,8.157521524211305
2025-09-04 23:00,8.648172518589547
2025-09-05 00:00,3.6512056416790934
2025-09-05 01:00,2.1551306129879304
2025-09-05 02:00,1.3033340623998333
2025-09-05 03:00,1.6202364825873665
2025-09-05 04:00,2.3024473127965543
2025-09-05 05:00,2.7300988886563586
2025-09-05 06:00,1.0719174305252905
2025-09-05 07:00,2.539847558844259
2025-09-05 08:00,0.8912600930017597
2025-09-05 09:00,0.09993293115719216
2025-09-05 10:00,0.1153331253452451
2025-09-05 11:00,0.0019430503654665624
2025-09-05 12:00,0.10981390283446685
2025-09-05 13:00,1.2559921856144662
2025-09-05 14:00,2.8900087280298825
2025-09-05 15:00,3.6170513033136773
2025-09-05 16:00,1.272700463625366
2025-09-05 17:00,1.1743539746962044
2025-09-05 18:00,0.29737106908567323
2025-09-05 19:00,0.0
2025-09-05 20:00,0.023981329608179735
2025-09-05 21:00,0.005533181167507625
2025-09-05 22:00,7.018704984104857
2025-09-05 23:00,9.748828799701448
2025-09-06 00:00,17.122188792692604
2025-09-06 01:00,8.057244284137171
2025-09-06 02:00,13.194713841263521
2025-09-06 03:00,14.357743828635959
2025-09-06 04:00,8.712817568156352
2025-09-06 05:00,17.85370146169869
2025-09-06 06:00,15.258557212825291
2025-09-06 07:00,17.071986534322452
2025-09-06 08:00,20.068237840513948
2025-09-06 09:00,27.970212403817058
2025-09-06 10:00,27.16150498209756
2025-09-06 11:00,23.15952844002708
2025-09-06 12:00,26.43994549711958
2025-09-06 13:00,22.29947870575714
2025-09-06 14:00,21.795944647997274
2025-09-06 15:00,26.8991053130254
2025-09-06 16:00,27.295385843570006
2025-09-06 17:00,27.453617319401697
2025-09-06 18:00,22.693667329048246
2025-09-06 19:00,26.728987901001897
2025-09-06 20:00,30.520632599938086
2025-09-06 21:00,25.355279076319203
2025-09-06 22:00,32.476282166974265
2025-09-06 23:00,34.03066685397918
2025-09-07 00:00,29.62237009881297
2025-09-07 01:00,19.853957129079724
2025-09-07 02:00,24.28630466063184
2025-09-07 03:00,15.618117843025347
2025-09-07 04:00,15.652925499936613
2025-09-07 05:00,14.978596121706921
2025-09-07 06:00,1.6391879946987011
2025-09-07 07:00,8.842251139455056
2025-09-07 08:00,0.8201836819886401
2025-09-07 09:00,5.5724522044717775
2025-09-07 10:00,0.0
2025-09-07 11:00,0.0
2025-09-07 12:00,0.0
2025-09-07 13:00,0.609626330738557
2025-09-07 14:00,1.0642674315915668
2025-09-07 15:00,3.6639871643555098
2025-09-07 16:00,3.0271381962301023
2025-09-07 17:00,3.3953193146896337
2025-09-07 18:00,2.4705301682487066
2025-09-07 19:00,1.4133380000095108
2025-09-07 20:00,1.1662087801349719
2025-09-07 21:00,0.979994750195106
2025-09-07 22:00,2.2244244047145605
2025-09-07 23:00,3.579113459528702
2025-09-08 00:00,2.826262660615279
2025-09-08 01:00,1.8455946563383792
2025-09-08 02:00,1.292603358706105
2025-09-08 03:00,1.325691850495147
2025-09-08 04:00,2.4274260290533083
2025-09-08 05:00,0.9532944910747853
2025-09-08 06:00,1.3023134970703685
2025-09-08 07:00,0.06655012488514404
2025-09-08 08:00,6.223957563589512
2025-09-08 09:00,1.5502744134940563
2025-09-08 10:00,1.235298477861693
2025-09-08 11:00,0.058583967610838804
2025-09-08 12:00,0.09717701835244373
2025-09-08 13:00,0.10439234624126317
2025-09-08 14:00,11.45696398847524
2025-09-08 15:00,2.8561947097554885
2025-09-08 16:00,0.2592291004572672
2025-09-08 17:00,0.8440610868663414
2025-09-08 18:00,0.8270443632607706
2025-09-08 19:00,0.3349203204577921
2025-09-08 20:00,0.3024450702379294
2025-09-08 21:00,0.3432165416688378
2025-09-08 22:00,0.14195913325153278
2025-09-08 23:00,1.248501903816376
2025-09-09 00:00,7.462366468102175
2025-09-09 01:00,2.8085127230340277
2025-09-09 02:00,1.860238249057234
2025-09-09 03:00,9.12278908390056
2025-09-09 04:00,0.33263657057813784
2025-09-09 05:00,2.77833308381913
2025-09-09 06:00,0.6182078305575112
2025-09-09 07:00,3.688133467498891
2025-09-09 08:00,1.9744286355409715
2025-09-09 09:00,0.0
2025-09-09 10:00,13.420106521776999
2025-09-09 11:00,10.978005669398664
2025-09-09 12:00,31.327923396523836
2025-09-09 13:00,25.728753466867058
2025-09-09 14:00,4.3252234480501714
2025-09-09 15:00,16.358627765252116
2025-09-09 16:00,22.00551627412999
2025-09-09 17:00,14.396760875243974
2025-09-09 18:00,7.292279767712608
2025-09-09 19:00,18.522642023399293
2025-09-09 20:00,2.3235247801426566
2025-09-09 21:00,1.572039111815985
2025-09-09 22:00,0.38070804891085125
2025-09-09 23:00,1.0463232760330319
2025-09-10 00:00,3.0955950117660818
2025-09-10 01:00,1.6516564879876325
2025-09-10 02:00,2.85022925661112
2025-09-10 03:00,2.3431406206248564
2025-09-10 04:00,6.914915008908231
2025-09-10 05:00,6.011593634064178
2025-09-10 06:00,6.992593505419751
2025-09-10 07:00,1.4431909144345771
2025-09-10 08:00,9.04823390210673
2025-09-10 09:00,4.280782045887992
2025-09-10 10:00,13.194553867961902
2025-09-10 11:00,11.584818872675452
2025-09-10 12:00,12.915078272898578
2025-09-10 13:00,15.410895731934946
2025-09-10 14:00,11.698272841586295
2025-09-10 15:00,15.557553488607747
2025-09-10 16:00,14.027539923761672
2025-09-10 17:00,8.035620620450276
2025-09-10 18:00,6.733877295279252
2025-09-10 19:00,12.64492338828721
2025-09-10 20:00,16.07257500222609
2025-09-10 21:00,9.41378497387677
2025-09-10 22:00,2.2294580283775987
2025-09-10 23:00,6.002670164640999
2025-09-11 00:00,3.753758048168303
2025-09-11 01:00,1.5710275307798498
2025-09-11 02:00,1.0840690400041335
2025-09-11 03:00,1.294453746080677
2025-09-11 04:00,1.6381488194212352
2025-09-11 05:00,3.134884458331908
2025-09-11 06:00,2.0655223003933343
2025-09-11 07:00,2.1822958198710376
2025-09-11 08:00,3.3164717376811605
2025-09-11 09:00,5.184793476461278
2025-09-11 10:00,4.439903687135339
2025-09-11 11:00,4.168879324322892
2025-09-11 12:00,3.3863464846119298
2025-09-11 13:00,1.2986602752152199
2025-09-11 14:00,0.9544017023781961
2025-09-11 15:00,2.329041525766893
2025-09-11 16:00,4.266591506674302
2025-09-11 17:00,6.114038596663028
2025-09-11 18:00,8.313982572359944
2025-09-11 19:00,12.590219184345857
2025-09-11 20:00,6.2826808700324035
2025-09-11 21:00,9.541367911529143
2025-09-11 22:00,5.048918027658817
2025-09-11 23:00,0.0
2025-09-12 00:00,0.3426861886878087
2025-09-12 01:00,1.8166525878104784
2025-09-12 02:00,3.054761560504708
2025-09-12 03:00,3.9989540242828783
2025-09-12 04:00,2.133528305461673
2025-09-12 05:00,2.000167793178979
2025-09-12 06:00,8.554459237472685
2025-09-12 07:00,5.802801103935589
2025-09-12 08:00,7.082879887620434
2025-09-12 09:00,6.823080049874109
2025-09-12 10:00,1.196015623815881
2025-09-12 11:00,3.5080373434567402
2025-09-12 12:00,10.951713636705335
2025-09-12 13:00,5.946823343226973
2025-09-12 14:00,5.3792090494116165
2025-09-12 15:00,4.513076619299907
2025-09-12 16:00,6.161470569732824
2025-09-12 17:00,12.273846060962294
2025-09-12 18:00,9.579663096254732
2025-09-12 19:00,13.386872679749837
2025-09-12 20:00,4.180034175639359
2025-09-12 21:00,1.46333985042336
2025-09-12 22:00,5.72034062219737
2025-09-12 23:00,1.692368274703941
2025-09-13 00:00,18.156872691723553
2025-09-13 01:00,19.245525532299894
2025-09-13 02:00,38.67525731896794
2025-09-13 03:00,50.678932038673985
2025-09-13 04:00,49.68192426640077
2025-09-13 05:00,48.66574280252809
2025-09-13 06:00,40.314558613497745
2025-09-13 07:00,41.402352387662525
2025-09-13 08:00,43.79874229849173
2025-09-13 09:00,39.6528047001565
2025-09-13 10:00,28.8966416066549
2025-09-13 11:00,30.107870418924083
2025-09-13 12:00,15.101272682373585
2025-09-13 13:00,3.9881001234587847
2025-09-13 14:00,6.188555213210091
2025-09-13 15:00,5.019088085477445
2025-09-13 16:00,3.104758545750813
2025-09-13 17:00,2.9195084841076078
2025-09-13 18:00,1.095245356097837
2025-09-13 19:00,0.3537242007820203
2025-09-13 20:00,0.1989700336183801
2025-09-13 21:00,0.12063193778037443
2025-09-13 22:00,0.1913341142006514
2025-09-13 23:00,0.3602084269374139
2025-09-14 00:00,0.2307714374472972
2025-09-14 01:00,0.34604862355715
2025-09-14 02:00,0.0
2025-09-14 03:00,0.0
2025-09-14 04:00,0.1750341656508218
2025-09-14 05:00,0.13533224785353962
2025-09-14 06:00,0.4263907976145576
2025-09-14 07:00,0.5189026810912449
2025-09-14 08:00,3.7379603569554436
2025-09-14 09:00,0.0
2025-09-14 10:00,0.0
2025-09-14 11:00,0.0482023465083042
2025-09-14 12:00,0.057108502366748935
2025-09-14 13:00,0.10113957661495791
2025-09-14 14:00,0.26201328537448126
2025-09-14 15:00,0.03361546742947461
2025-09-14 16:00,0.2417034866987803
2025-09-14 17:00,0.3582563225487866
2025-09-14 18:00,0.3788145160082042
2025-09-14 19:00,0.5119722287758038
2025-09-14 20:00,0.6145855299302875
2025-09-14 21:00,0.16193353962854137
2025-09-14 22:00,0.5480077324729695
2025-09-14 23:00,1.5807379886710735
2025-09-15 00:00,0.25827359484156986
2025-09-15 01:00,0.3031409839491415
2025-09-15 02:00,0.17450957437381956
2025-09-15 03:00,0.20431351966830455
2025-09-15 04:00,0.7674940998346633
2025-09-15 05:00,3.4972749846274285
2025-09-15 06:00,1.5298922366086647
2025-09-15 07:00,0.6275820729363724
2025-09-15 08:00,0.2686204098702139
2025-09-15 09:00,0.5349093689243627
2025-09-15 10:00,2.646857876321176
2025-09-15 11:00,0.0
2025-09-15 12:00,0.0
2025-09-15 13:00,0.13749111446849885
2025-09-15 14:00,0.8096458080895208
2025-09-15 15:00,0.5232714389338098
2025-09-15 16:00,0.6003543747843784
2025-09-15 17:00,0.3893333971506677
2025-09-15 18:00,0.20112612125489007
2025-09-15 19:00,0.12051198487805857
2025-09-15 20:00,0.0
2025-09-15 21:00,0.6893296236128154
2025-09-15 22:00,0.11153993038372516
2025-09-15 23:00,0.351141362231676
2025-09-16 00:00,0.7167211275643847
2025-09-16 01:00,1.2138962100717792
2025-09-16 02:00,0.6405294451787017
2025-09-16 03:00,0.9798676671320349
2025-09-16 04:00,0.5371488163485335
2025-09-16 05:00,0.3155252419980623
2025-09-16 06:00,0.34912316104511415
2025-09-16 07:00,0.24184762045712066
2025-09-16 08:00,0.0
2025-09-16 09:00,0.0
2025-09-16 10:00,0.0
2025-09-16 11:00,0.04861951969615307
2025-09-16 12:00,3.957216609936185
2025-09-16 13:00,5.838712205653893
2025-09-16 14:00,5.426461080262216
2025-09-16 15:00,10.333674207007189
2025-09-16 16:00,10.028413838464804
2025-09-16 17:00,11.583692980534684
2025-09-16 18:00,23.99432125866287
2025-09-16 19:00,15.369688731501235
2025-09-16 20:00,27.4938335701025
2025-09-16 21:00,34.56484763093508
2025-09-16 22:00,33.34183118800575
2025-09-16 23:00,36.764858331362085
2025-09-17 00:00,35.20918191830578
2025-09-17 01:00,25.991085538373962
2025-09-17 02:00,23.961545601185453
2025-09-17 03:00,23.8371497048712
2025-09-17 04:00,23.41139850050826
2025-09-17 05:00,29.472664778266317
2025-09-17 06:00,25.068436425501
2025-09-17 07:00,29.941330114004757
2025-09-17 08:00,29.378199649975166
2025-09-17 09:00,35.75753489219488
2025-09-17 10:00,18.537315088713218
2025-09-17 11:00,21.90593008103522
2025-09-17 12:00,9.781730230066351
2025-09-17 13:00,0.7417016233521034
2025-09-17 14:00,4.623593852088804
2025-09-17 15:00,34.1221069920208
2025-09-17 16:00,15.740456073753908
2025-09-17 17:00,9.02010666581789
2025-09-17 18:00,9.677467766328757
2025-09-17 19:00,26.462517965186
2025-09-17 20:00,24.150764950681957
2025-09-17 21:00,24.346815870564555
2025-09-17 22:00,12.396131859567294
2025-09-17 23:00,10.269871035809901
2025-09-18 00:00,10.057448324843312
2025-09-18 01:00,8.354054337411537
2025-09-18 02:00,16.202125204145716
2025-09-18 03:00,14.491691740185688
2025-09-18 04:00,15.106537657566689
2025-09-18 05:00,12.010391731268559
2025-09-18 06:00,20.053150109620088
2025-09-18 07:00,6.651759591155781
2025-09-18 08:00,6.914203728791884
2025-09-18 09:00,4.02908206549747
2025-09-18 10:00,1.5910382112229506
2025-09-18 11:00,0.1226370006609022
2025-09-18 12:00,0.42588382873674324
2025-09-18 13:00,2.3045277172152674
2025-09-18 14:00,0.1970988018162491
2025-09-18 15:00,1.2175243744546567
2025-09-18 16:00,0.3454130886180349
2025-09-18 17:00,0.18634306431489903
2025-09-18 18:00,0.6708383704614744
2025-09-18 19:00,0.499373760513242
2025-09-18 20:00,0.0
2025-09-18 21:00,0.0
2025-09-18 22:00,1.1083272379649665
2025-09-18 23:00,1.2018176238583314
2025-09-19 00:00,0.8901492407649979
2025-09-19 01:00,2.554074409441782
2025-09-19 02:00,0.664461941738629
2025-09-19 03:00,0.9930355540466472
2025-09-19 04:00,2.7203148654290294
2025-09-19 05:00,2.3588456191748493
2025-09-19 06:00,1.2378763685029268
2025-09-19 07:00,1.0356648334792793
2025-09-19 08:00,0.4350067946330801
2025-09-19 09:00,0.7168563005216182
2025-09-19 10:00,5.220332982844269
2025-09-19 11:00,7.105872251081843
2025-09-19 12:00,3.3462746097293716
2025-09-19 13:00,10.10224200689117
2025-09-19 14:00,4.307839317823312
2025-09-19 15:00,0.6210493212678577
2025-09-19 16:00,5.052932515662846
2025-09-19 17:00,7.708280114432542
2025-09-19 18:00,6.239952104628578
2025-09-19 19:00,3.5444369083861447
2025-09-19 20:00,2.9905944276111645
2025-09-19 21:00,4.000696042303208
2025-09-19 22:00,1.9218943530424164
2025-09-19 23:00,10.698731117848146
2025-09-20 00:00,46.537987914483544
2025-09-20 01:00,41.28352689788501
2025-09-20 02:00,44.24167740826699
2025-09-20 03:00,47.6026063559381
2025-09-20 04:00,48.98184132574925
2025-09-20 05:00,46.612299704787056
2025-09-20 06:00,3.2661726146163406
2025-09-20 07:00,8.911128775846391
2025-09-20 08:00,7.286536488527318
2025-09-20 09:00,12.13598622891303
2025-09-20 10:00,16.022605437691464
2025-09-20 11:00,18.017583897696564
2025-09-20 12:00,15.246069650583687
2025-09-20 13:00,19.59500179935366
2025-09-20 14:00,10.799232292011263
2025-09-20 15:00,10.905663750662217
2025-09-20 16:00,47.97443739182009
2025-09-20 17:00,45.06672258913967
2025-09-20 18:00,31.159124038124652
2025-09-20 19:00,37.80741038063333
2025-09-20 20:00,17.258189056206504
2025-09-20 21:00,10.028918752622307
2025-09-20 22:00,5.484041310898068
2025-09-20 23:00,3.6816158331170032
2025-09-21 00:00,1.530770539215237
2025-09-21 01:00,7.331737906541575
2025-09-21 02:00,0.9997414597440228
2025-09-21 03:00,4.770004411030838
2025-09-21 04:00,1.9047998764201406
2025-09-21 05:00,1.4273551900853245
2025-09-21 06:00,2.2136243294378404
2025-09-21 07:00,4.318603601710201
2025-09-21 08:00,1.9487580188526357
2025-09-21 09:00,3.5266817862885644
2025-09-21 10:00,7.099727108622592
2025-09-21 11:00,3.7298065119343238
2025-09-21 12:00,12.61893453282707
2025-09-21 13:00,5.064857588650555
2025-09-21 14:00,17.416460602508913
2025-09-21 15:00,21.117821039238088
2025-09-21 16:00,29.657792048561333
2025-09-21 17:00,20.157506379801163
2025-09-21 18:00,15.8832164839309
2025-09-21 19:00,9.351450607531827
2025-09-21 20:00,9.106350759231406
2025-09-21 21:00,7.242665946792663
2025-09-21 22:00,4.97789940372934
2025-09-21 23:00,9.186704211030875
2025-09-22 00:00,3.5553574033582893
2025-09-22 01:00,3.327819938509578
2025-09-22 02:00,5.629943251849087
2025-09-22 03:00,9.058444567563228
2025-09-22 04:00,10.014354122149875
2025-09-22 05:00,7.158423422203017
2025-09-22 06:00,3.5975929149286854
2025-09-22 07:00,4.857906458012131
2025-09-22 08:00,9.312043089656928
2025-09-22 09:00,2.341443576675183
2025-09-22 10:00,1.70325397487297
2025-09-22 11:00,9.145454901846637
2025-09-22 12:00,1.0968301661834123
2025-09-22 13:00,1.8701257061845769
2025-09-22 14:00,0.0
2025-09-22 15:00,0.5817138852102872
2025-09-22 16:00,6.088474189518268
2025-09-22 17:00,6.378167139372534
2025-09-22 18:00,3.972413544056978
2025-09-22 19:00,2.624713382700605
2025-09-22 20:00,6.310776017309009
2025-09-22 21:00,3.514646230019662
2025-09-22 22:00,1.895057980680152
2025-09-22 23:00,3.0227873276712898
2025-09-23 00:00,3.7975736247524017
2025-09-23 01:00,3.125314621392567
2025-09-23 02:00,4.616476359069326
2025-09-23 03:00,5.792939551660509
2025-09-23 04:00,2.4728401818473293
2025-09-23 05:00,7.052694695225632
2025-09-23 06:00,3.6024187132703602
2025-09-23 07:00,3.7417801368058763
2025-09-23 08:00,6.648243230127028
2025-09-23 09:00,5.021941418306333
2025-09-23 10:00,2.251516569460389
2025-09-23 11:00,2.857288625638974
2025-09-23 12:00,2.381154284769555
2025-09-23 13:00,1.5390173871859059
2025-09-23 14:00,2.619818520647665
2025-09-23 15:00,5.112904498450474
2025-09-23 16:00,2.8198338207803064
2025-09-23 17:00,1.9411102873038006
2025-09-23 18:00,1.7710410402698593
2025-09-23 19:00,2.5307268566144177
2025-09-23 20:00,3.6992749722270943
2025-09-23 21:00,3.035689094560801
2025-09-23 22:00,2.845154772000019
2025-09-23 23:00,19.387784516680007
2025-09-24 00:00,2.4949393344815802
2025-09-24 01:00,3.5902117697321327
2025-09-24 02:00,7.473675095783885
2025-09-24 03:00,11.462371814884888
2025-09-24 04:00,7.063056433629623
2025-09-24 05:00,7.159643635758612
2025-09-24 06:00,10.619459682180734
2025-09-24 07:00,6.151346005771314
2025-09-24 08:00,5.997284274360275
2025-09-24 09:00,4.912541013021819
2025-09-24 10:00,6.29185461568671
2025-09-24 11:00,17.71066466328838
2025-09-24 12:00,34.04841315371123
2025-09-24 13:00,33.46780414663075
2025-09-24 14:00,28.79081592340563
2025-09-24 15:00,24.953284297363815
2025-09-24 16:00,21.831472401586407
2025-09-24 17:00,22.15137771187558
2025-09-24 18:00,25.579620065175426
2025-09-24 19:00,29.812396229396178
2025-09-24 20:00,31.70033825282445
2025-09-24 21:00,26.587209311434403
2025-09-24 22:00,0.6512036705305652
2025-09-24 23:00,0.5635879186203914
2025-09-25 00:00,1.5844035543465025
2025-09-25 01:00,1.8299885431508227
2025-09-25 02:00,3.900553832567516
2025-09-25 03:00,4.620828013177789
2025-09-25 04:00,2.230831658043992
2025-09-25 05:00,2.2860779313753703
2025-09-25 06:00,2.5264192510498584
2025-09-25 07:00,30.093555634933306
2025-09-25 08:00,22.371527308866813
2025-09-25 09:00,11.338549734410352
2025-09-25 10:00,26.612493394780618
2025-09-25 11:00,0.42830617424147127
2025-09-25 12:00,7.464408071568041
2025-09-25 13:00,1.7640121427519853
2025-09-25 14:00,0.08359799305489865
2025-09-25 15:00,0.11136173441426371
2025-09-25 16:00,1.4590485829904234
2025-09-25 17:00,2.3971984072550665
2025-09-25 18:00,2.521347073032172
2025-09-25 19:00,1.804532587249807
2025-09-25 20:00,2.398152471633769
2025-09-25 21:00,1.8008653410851243
2025-09-25 22:00,1.8540521750609498
2025-09-25 23:00,0.17402470898649944
2025-09-26 00:00,2.6752008378633656
2025-09-26 01:00,0.17993520762643464
2025-09-26 02:00,0.636482681638088
2025-09-26 03:00,13.156814940680599
2025-09-26 04:00,4.560043374829133
2025-09-26 05:00,2.647139392362444
2025-09-26 06:00,9.440533554796207
2025-09-26 07:00,6.200252835771256
2025-09-26 08:00,2.9300566466226114
2025-09-26 09:00,1.3423582471767912
2025-09-26 10:00,0.5396987474236123
2025-09-26 11:00,1.4640795995171376
2025-09-26 12:00,1.7398224643046891
2025-09-26 13:00,3.805384356399856
2025-09-26 14:00,5.489927515411159
2025-09-26 15:00,5.841324580655815
2025-09-26 16:00,8.7572016185348
2025-09-26 17:00,8.360719993308342
2025-09-26 18:00,6.767906505097326
2025-09-26 19:00,8.952913926330735
2025-09-26 20:00,9.319538583533564
2025-09-26 21:00,8.265777613543122
2025-09-26 22:00,3.1812192466862674
2025-09-26 23:00,0.2644032779677546
2025-09-27 00:00,1.9869763997342211
2025-09-27 01:00,1.5151054171975136
2025-09-27 02:00,1.4629457776501977
2025-09-27 03:00,4.172488523426272
2025-09-27 04:00,2.654126791772777
2025-09-27 05:00,0.8961263842257734
2025-09-27 06:00,1.2462075912027633
2025-09-27 07:00,0.530378109384879
2025-09-27 08:00,2.4937522719056173
2025-09-27 09:00,0.28435239287990116
2025-09-27 10:00,0.9387090424180828
2025-09-27 11:00,0.061917280848986116
2025-09-27 12:00,0.0
2025-09-27 13:00,0.2586283218809422
2025-09-27 14:00,13.889376906574974
2025-09-27 15:00,3.0051038400276737
2025-09-27 16:00,19.365265843137962
2025-09-27 17:00,10.806739601112072
2025-09-27 18:00,3.5044157919540666
2025-09-27 19:00,0.6799797764310763
2025-09-27 20:00,0.18579095358607275
2025-09-27 21:00,0.21329560373793371
2025-09-27 22:00,0.5003659176662333
2025-09-27 23:00,0.0698520625192232
2025-09-28 00:00,0.20309754397499152
2025-09-28 01:00,0.5065662611325791
2025-09-28 02:00,1.2206798179979181
2025-09-28 03:00,2.9817238619094364
2025-09-28 04:00,4.184179429492715
2025-09-28 05:00,14.960924437041724
2025-09-28 06:00,18.820549708529363
2025-09-28 07:00,0.9707495158886503
2025-09-28 08:00,19.583065694182793
2025-09-28 09:00,32.248468442029704
2025-09-28 10:00,43.161547676973754
2025-09-28 11:00,41.49774437990005
2025-09-28 12:00,34.532694003292576
2025-09-28 13:00,25.109650257227997
2025-09-28 14:00,15.86854041805784
2025-09-28 15:00,10.334877268284869
2025-09-28 16:00,7.4840487915152325
2025-09-28 17:00,4.655880840000629
2025-09-28 18:00,6.350600743069526
2025-09-28 19:00,3.482985932509115
2025-09-28 20:00,1.9353383244389908
2025-09-28 21:00,7.093852651082955
2025-09-28 22:00,15.481204647566688
2025-09-28 23:00,6.0161290368143145
2025-09-29 00:00,0.14877995840573421
2025-09-29 01:00,0.4630716558266263
2025-09-29 02:00,0.12810255514402158
2025-09-29 03:00,2.8179151129296147
2025-09-29 04:00,12.819212729623038
2025-09-29 05:00,6.671469895822406
2025-09-29 06:00,2.8460772791640445
2025-09-29 07:00,2.3100214404015196
2025-09-29 08:00,3.2289558843690993
2025-09-29 09:00,3.762498599882871
2025-09-29 10:00,4.661179681953368
2025-09-29 11:00,1.9453053688897588
2025-09-29 12:00,1.035009661036885
2025-09-29 13:00,1.1535010474421392
2025-09-29 14:00,2.3878978218506512
2025-09-29 15:00,2.9305686164694302
2025-09-29 16:00,1.0969929840650525
2025-09-29 17:00,0.5727728264052865
2025-09-29 18:00,0.6188704493901687
2025-09-29 19:00,0.09705759457663628
2025-09-29 20:00,0.5635274984175505
2025-09-29 21:00,0.11742339092439973
2025-09-29 22:00,0.07938322515978895
2025-09-29 23:00,0.6257919561566532
2025-09-30 00:00,0.8530657551598598
2025-09-30 01:00,0.13129199482684006
2025-09-30 02:00,0.0
2025-09-30 03:00,0.9003311783527294
2025-09-30 04:00,1.1077669894122018
2025-09-30 05:00,1.2294501214730669
2025-09-30 06:00,1.7084987758503836
2025-09-30 07:00,0.5694375941755113
2025-09-30 08:00,0.3521740084413593
2025-09-30 09:00,0.0
2025-09-30 10:00,0.0007648776357037808
2025-09-30 11:00,0.0
2025-09-30 12:00,0.8183150786355751
2025-09-30 13:00,1.0790570405862656
2025-09-30 14:00,3.962476647470015
2025-09-30 15:00,4.740801291566472
2025-09-30 16:00,4.3966732008929865
2025-09-30 17:00,4.4245278289173875
2025-09-30 18:00,5.160802655565882
2025-09-30 19:00,1.6070269805262636
2025-09-30 20:00,1.8508141470543655
2025-09-30 21:00,0.2974715800936611
2025-09-30 22:00,0.05108269207743437
2025-09-30 23:00,0.3886159461475503
2025-10-01 00:00,1.2200291390788183
2025-10-01 01:00,0.9809607415652509
2025-10-01 02:00,1.9552919028724987
2025-10-01 03:00,1.534420153619594
2025-10-01 04:00,2.695166020773852
2025-10-01 05:00,2.295073505528134
2025-10-01 06:00,1.1097319677413453
2025-10-01 07:00,0.0
2025-10-01 08:00,0.7477543163231668
2025-10-01 09:00,0.0
2025-10-01 10:00,0.0
2025-10-01 11:00,0.0
2025-10-01 12:00,0.0
2025-10-01 13:00,0.0
2025-10-01 14:00,3.9393565277944105
2025-10-01 15:00,2.6394888581884484
2025-10-01 16:00,3.9836412633351967
2025-10-01 17:00,6.296217658294155
2025-10-01 18:00,2.8054677901914915
2025-10-01 19:00,1.6708102065057715
2025-10-01 20:00,10.829099809481422
2025-10-01 21:00,3.313574255543339
2025-10-01 22:00,2.3620278478569516
2025-10-01 23:00,0.10631316540928798
2025-10-02 00:00,0.4220246227952711
2025-10-02 01:00,0.4506997398173862
2025-10-02 02:00,0.8966338580248429
2025-10-02 03:00,1.1576142095976127
2025-10-02 04:00,0.7069674829283605
2025-10-02 05:00,1.514588557252317
2025-10-02 06:00,0.8513666425635961
2025-10-02 07:00,0.4123587512341074
2025-10-02 08:00,0.0
2025-10-02 09:00,0.0
2025-10-02 10:00,0.0
2025-10-02 11:00,0.0
2025-10-02 12:00,0.0
2025-10-02 13:00,0.0
2025-10-02 14:00,0.0
2025-10-02 15:00,0.0
2025-10-02 16:00,0.0778734009858279
2025-10-02 17:00,0.05239023802626053
2025-10-02 18:00,0.0
2025-10-02 19:00,1.6951247885887883
2025-10-02 20:00,0.0
2025-10-02 21:00,0.17294234426554986
2025-10-02 22:00,2.894763821909328
2025-10-02 23:00,4.439286210761666
2025-10-03 00:00,0.6053923760462914
2025-10-03 01:00,3.7579123605841604
2025-10-03 02:00,17.578289559998666
2025-10-03 03:00,1.2148816388806278
2025-10-03 04:00,20.095808648870808
2025-10-03 05:00,6.422596539395047
2025-10-03 06:00,7.326736238299428
2025-10-03 07:00,18.87116427909111
2025-10-03 08:00,3.6347805773980575
2025-10-03 09:00,7.063316357697515
2025-10-03 10:00,6.583772959776154
2025-10-03 11:00,22.066344290503157
2025-10-03 12:00,28.498274229894093
2025-10-03 13:00,36.98895437078798
2025-10-03 14:00,30.206641517224767
2025-10-03 15:00,28.061330349544605
2025-10-03 16:00,32.997242710098504
2025-10-03 17:00,32.49778267287776
2025-10-03 18:00,33.27315771420416
2025-10-03 19:00,33.17815214973951
2025-10-03 20:00,34.12550102590958
2025-10-03 21:00,35.614160403721186
2025-10-03 22:00,32.997836788697974
2025-10-03 23:00,26.10083843041044
2025-10-04 00:00,8.190528992783337
2025-10-04 01:00,2.653187816414887
2025-10-04 02:00,2.8314359091522254
2025-10-04 03:00,3.838635986731986
2025-10-04 04:00,4.859904434425262
2025-10-04 05:00,5.416221029697219
2025-10-04 06:00,3.826026697854438
2025-10-04 07:00,5.695837837696368
2025-10-04 08:00,4.658164815452825
2025-10-04 09:00,1.0881092533958712
2025-10-04 10:00,7.599459186445393
2025-10-04 11:00,0.4217284220708538
2025-10-04 12:00,0.3068079040874444
2025-10-04 13:00,4.334256038852605
2025-10-04 14:00,6.224783226310627
2025-10-04 15:00,3.7786747758600283
2025-10-04 16:00,1.0442528471936254
2025-10-04 17:00,1.4245898344244938
2025-10-04 18:00,2.8508822559544207
2025-10-04 19:00,6.703228772419322
2025-10-04 20:00,6.754571625014496
2025-10-04 21:00,5.838704493667864
2025-10-04 22:00,4.277089124154744
2025-10-04 23:00,6.589312537922013
2025-10-05 00:00,3.1597771585053325
2025-10-05 01:00,7.785240161702753
2025-10-05 02:00,7.0158271628288995
2025-10-05 03:00,2.420861231445487
2025-10-05 04:00,3.522414029375593
2025-10-05 05:00,4.948992643210946
2025-10-05 06:00,3.1814313379732524
2025-10-05 07:00,6.656330626347471
2025-10-05 08:00,5.350684498159334
2025-10-05 09:00,0.35446601565289887
2025-10-05 10:00,0.7068171968651106
2025-10-05 11:00,2.510322102376528
2025-10-05 12:00,0.3576805094294497
2025-10-05 13:00,3.660801839380651
2025-10-05 14:00,0.8134280190335929
2025-10-05 15:00,0.6075321948621331
2025-10-05 16:00,1.981693933138114
2025-10-05 17:00,3.03743314028177
2025-10-05 18:00,4.281875349798701
2025-10-05 19:00,4.228804310947128
2025-10-05 20:00,5.843941525754432
2025-10-05 21:00,3.394546504429139
2025-10-05 22:00,3.8776435077601885
2025-10-05 23:00,3.5922437653020447
2025-10-06 00:00,8.674828531228483
2025-10-06 01:00,9.298860941172963
2025-10-06 02:00,3.5563395590002416
2025-10-06 03:00,4.858352128007042
2025-10-06 04:00,8.174908395547494
2025-10-06 05:00,8.511695524382937
2025-10-06 06:00,2.103923155571972
2025-10-06 07:00,3.843137093063233
2025-10-06 08:00,8.680622953952753
2025-10-06 09:00,9.181390594416747
2025-10-06 10:00,5.197093446003696
2025-10-06 11:00,2.242460558161246
2025-10-06 12:00,18.830112009747197
2025-10-06 13:00,13.205184226079979
2025-10-06 14:00,1.6628151020040045
2025-10-06 15:00,3.7553845741389376
2025-10-06 16:00,5.150866880870092
2025-10-06 17:00,7.364839629664632
2025-10-06 18:00,18.455513491816987
2025-10-06 19:00,11.407666437438449
2025-10-06 20:00,42.20275864442177
2025-10-06 21:00,49.01146087482427
2025-10-06 22:00,51.11877754803719
2025-10-06 23:00,31.820541302015737
2025-10-07 00:00,36.21459886481504
2025-10-07 01:00,26.616200143193755
2025-10-07 02:00,34.54766810711596
2025-10-07 03:00,29.12338000423131
2025-10-07 04:00,34.21885874572768
2025-10-07 05:00,20.496729761146245
2025-10-07 06:00,19.60133383443997
2025-10-07 07:00,10.651915080853566
2025-10-07 08:00,6.377861569418632
2025-10-07 09:00,4.050435825544527
2025-10-07 10:00,3.831312870078537
2025-10-07 11:00,1.4997155887413294
2025-10-07 12:00,2.7963806518199075
2025-10-07 13:00,16.40374556147342
2025-10-07 14:00,5.715975792680144
2025-10-07 15:00,12.882435886908043
2025-10-07 16:00,13.095978637359117
2025-10-07 17:00,9.868898675140503
2025-10-07 18:00,2.3569892034609734
2025-10-07 19:00,4.177709715835906
2025-10-07 20:00,3.488935507614578
2025-10-07 21:00,2.7946093808785775
2025-10-07 22:00,3.493360083515592
2025-10-07 23:00,3.302130911765084
2025-10-08 00:00,3.2819322843299568
2025-10-08 01:00,5.337323089839175
2025-10-08 02:00,5.990757795458331
2025-10-08 03:00,7.446349373864337
2025-10-08 04:00,5.986092389631453
2025-10-08 05:00,7.7209425117600965
2025-10-08 06:00,6.738558733534931
2025-10-08 07:00,8.750616098165102
2025-10-08 08:00,11.661630908002317
2025-10-08 09:00,17.75823617352935
2025-10-08 10:00,8.47852895941946
2025-10-08 11:00,12.277692575863602
2025-10-08 12:00,10.168703101474835
2025-10-08 13:00,11.770103187560245
2025-10-08 14:00,14.627932435060318
2025-10-08 15:00,10.624828743014
2025-10-08 16:00,14.421113440172533
2025-10-08 17:00,11.480187232979546
2025-10-08 18:00,9.08356474116613
2025-10-08 19:00,7.420342105966807
2025-10-08 20:00,7.2045713405282195
2025-10-08 21:00,13.82619318457796
2025-10-08 22:00,2.817893496874842
2025-10-08 23:00,2.8835418426724324
2025-10-09 00:00,0.5583074601412201
2025-10-09 01:00,0.5622965702761045
2025-10-09 02:00,1.4040419369811108
2025-10-09 03:00,1.8181561982330214
2025-10-09 04:00,2.829647021532282
2025-10-09 05:00,2.5102462410685473
2025-10-09 06:00,3.160476703916726
2025-10-09 07:00,3.7144704196941483
2025-10-09 08:00,5.502435478121456
2025-10-09 09:00,7.454264419813487
2025-10-09 10:00,0.908835800266956
2025-10-09 11:00,7.583447412047868
2025-10-09 12:00,0.6639077466916212
2025-10-09 13:00,0.3237464225332195
2025-10-09 14:00,0.0
2025-10-09 15:00,1.428525063277365
2025-10-09 16:00,1.805815450098
2025-10-09 17:00,2.838213833281678
2025-10-09 18:00,1.1457111101605006
2025-10-09 19:00,0.7623520452615846
2025-10-09 20:00,17.859754646699557
2025-10-09 21:00,8.02795807063864
2025-10-09 22:00,1.5706949980597975
2025-10-09 23:00,0.20163663089853015
2025-10-10 00:00,5.1527703222417465
2025-10-10 01:00,3.730475250507101
2025-10-10 02:00,4.790635449808609
2025-10-10 03:00,7.935386994739052
2025-10-10 04:00,1.9441366596613312
2025-10-10 05:00,4.237931782608562
2025-10-10 06:00,2.3305089613614993
2025-10-10 07:00,2.0270110137272117
2025-10-10 08:00,1.291830606686932
2025-10-10 09:00,8.363248087833707
2025-10-10 10:00,1.6758446702266743
2025-10-10 11:00,0.0
2025-10-10 12:00,0.0
2025-10-10 13:00,0.0
2025-10-10 14:00,6.253458853040063
2025-10-10 15:00,0.06570836362190041
2025-10-10 16:00,0.07380935049563324
2025-10-10 17:00,0.27294636535599104
2025-10-10 18:00,0.1573462722480731
2025-10-10 19:00,0.8527316069002626
2025-10-10 20:00,0.5360065075617105
2025-10-10 21:00,0.13931184959594778
2025-10-10 22:00,2.964812258020248
2025-10-10 23:00,3.1050573534314014
2025-10-11 00:00,11.246768548283482
2025-10-11 01:00,7.01795604959055
2025-10-11 02:00,1.3816804347967553
2025-10-11 03:00,0.7815129914272008
2025-10-11 04:00,0.7766867766433254
2025-10-11 05:00,0.6425406531388821
2025-10-11 06:00,0.23398518021679843
2025-10-11 07:00,0.28492495370993776
2025-10-11 08:00,0.09652896160842343
2025-10-11 09:00,0.7561791108020117
2025-10-11 10:00,3.0280895822783416
2025-10-11 11:00,3.56362724346999
2025-10-11 12:00,1.7930280753849985
2025-10-11 13:00,4.597089228330018
2025-10-11 14:00,5.579201845695663
2025-10-11 15:00,6.2862654534932
2025-10-11 16:00,4.043997260157665
2025-10-11 17:00,1.8305978417879016
2025-10-11 18:00,1.3725509255968018
2025-10-11 19:00,9.10506749118778
2025-10-11 20:00,8.278787892169767
2025-10-11 21:00,4.791022394388677
2025-10-11 22:00,10.465040506273295
2025-10-11 23:00,7.246239268850935
2025-10-12 00:00,11.517522540919503
2025-10-12 01:00,11.270296917690793
2025-10-12 02:00,11.77572247259863
2025-10-12 03:00,13.690593158268818
2025-10-12 04:00,15.185991792235534
2025-10-12 05:00,9.627044901934726
2025-10-12 06:00,7.782946574303583
2025-10-12 07:00,6.2461733924234135
2025-10-12 08:00,10.180067400599917
2025-10-12 09:00,9.502970302492255
2025-10-12 10:00,6.2284148585631876
2025-10-12 11:00,7.172264538890905
2025-10-12 12:00,4.405928774596968
2025-10-12 13:00,3.517860258397765
2025-10-12 14:00,3.6338170013922615
2025-10-12 15:00,3.8792603252348905
2025-10-12 16:00,3.4585042238868375
2025-10-12 17:00,3.683971368388653
2025-10-12 18:00,1.6755863405576161
2025-10-12 19:00,3.6472149530874862
2025-10-12 20:00,0.9800674028113171
2025-10-12 21:00,1.1762365047034347
2025-10-12 22:00,1.4125047364405054
2025-10-12 23:00,0.3709237281282727
2025-10-13 00:00,5.115776987978041
2025-10-13 01:00,6.773094702441534
2025-10-13 02:00,2.0762240558264695
2025-10-13 03:00,1.6968858939430433
2025-10-13 04:00,3.0642008684070703
2025-10-13 05:00,2.9843834148182204
2025-10-13 06:00,3.594254936701008
2025-10-13 07:00,4.7527462342429985
2025-10-13 08:00,4.030587337464877
2025-10-13 09:00,1.9996392856469014
2025-10-13 10:00,22.179968663084306
2025-10-13 11:00,25.434659155648504
2025-10-13 12:00,3.2058985326843628
2025-10-13 13:00,21.255877261901155
2025-10-13 14:00,26.94322993595805
2025-10-13 15:00,30.755097085324344
2025-10-13 16:00,49.63853093590339
2025-10-13 17:00,40.35546958917506
2025-10-13 18:00,30.085422471229986
2025-10-13 19:00,11.304200301008507
2025-10-13 20:00,3.6747237874001564
2025-10-13 21:00,4.018477137703446
2025-10-13 22:00,5.799086072837499
2025-10-13 23:00,2.3044242161013675
2025-10-14 00:00,6.249976872796262
2025-10-14 01:00,9.386638684851318
2025-10-14 02:00,9.009537522144338
2025-10-14 03:00,11.766273532795623
2025-10-14 04:00,10.080403116214889
2025-10-14 05:00,7.43969290457147
2025-10-14 06:00,7.090751643529183
2025-10-14 07:00,6.896768748391036
2025-10-14 08:00,7.504519040659769
2025-10-14 09:00,5.834102484999204
2025-10-14 10:00,0.16174011190473023
2025-10-14 11:00,0.0
2025-10-14 12:00,0.0
2025-10-14 13:00,0.11610446602820243
2025-10-14 14:00,0.1009672168648037
2025-10-14 15:00,0.0
2025-10-14 16:00,0.30775407630070123
2025-10-14 17:00,0.15405303160041195
2025-10-14 18:00,1.6295482935785632
2025-10-14 19:00,0.0
2025-10-14 20:00,0.7440686029835922
2025-10-14 21:00,1.1110622520935327
2025-10-14 22:00,0.8982680603687266
2025-10-14 23:00,2.6106937445677305
2025-10-15 00:00,4.340201608913414
2025-10-15 01:00,1.6358522006610854
2025-10-15 02:00,1.9324257878601787
2025-10-15 03:00,1.2167920705337874
2025-10-15 04:00,1.0033272711583072
2025-10-15 05:00,2.6053219616953567
2025-10-15 06:00,3.14770402820555
2025-10-15 07:00,4.598199815610911
2025-10-15 08:00,3.6980609650253795
2025-10-15 09:00,2.84835910101342
2025-10-15 10:00,1.1768694797898507
2025-10-15 11:00,0.0
2025-10-15 12:00,0.08449607597014343
2025-10-15 13:00,0.2834228988717273
2025-10-15 14:00,0.0
2025-10-15 15:00,0.5744159396817982
2025-10-15 16:00,1.0053707145498147
2025-10-15 17:00,0.9602353328378774
2025-10-15 18:00,16.381634184578157
2025-10-15 19:00,13.182444796941187
2025-10-15 20:00,9.799542005826632
2025-10-15 21:00,33.608804627988725
2025-10-15 22:00,21.338268893861063
2025-10-15 23:00,22.53045624066042
2025-10-16 00:00,19.736497103481128
2025-10-16 01:00,31.89615399938547
2025-10-16 02:00,30.371127895494688
2025-10-16 03:00,29.785350343608613
2025-10-16 04:00,50.18113269297066
2025-10-16 05:00,22.21989494625609
2025-10-16 06:00,11.265828203153259
2025-10-16 07:00,5.1749090405565665
2025-10-16 08:00,4.553132593264063
2025-10-16 09:00,2.844137892854147
2025-10-16 10:00,12.191978734584081
2025-10-16 11:00,1.9409472368688532
2025-10-16 12:00,1.3471004916909912
2025-10-16 13:00,15.828517961846725
2025-10-16 14:00,20.303358353218893
2025-10-16 15:00,29.602280513748266
2025-10-16 16:00,28.466655336053027
2025-10-16 17:00,17.614851558013424
2025-10-16 18:00,12.323954205108445
2025-10-16 19:00,15.293413962239718
2025-10-16 20:00,11.796249983013558
2025-10-16 21:00,8.887609400542082
2025-10-16 22:00,6.9587556386209535
2025-10-16 23:00,8.30516591456386
2025-10-17 00:00,5.869139241963526
2025-10-17 01:00,7.791507108611083
2025-10-17 02:00,2.933784600518061
2025-10-17 03:00,3.1498636420532815
2025-10-17 04:00,5.370269525072513
2025-10-17 05:00,7.3449769716795466
2025-10-17 06:00,4.87386580305005
2025-10-17 07:00,4.735489408348059
2025-10-17 08:00,6.2178218810008365
2025-10-17 09:00,2.299388134240739
2025-10-17 10:00,2.0114695228999007
2025-10-17 11:00,0.5583751445636131
2025-10-17 12:00,0.49248386339370076
2025-10-17 13:00,3.1077151122015985
2025-10-17 14:00,2.2839237314880294
2025-10-17 15:00,4.315529268632119
2025-10-17 16:00,18.94422152784256
2025-10-17 17:00,6.988772327845554
2025-10-17 18:00,11.172172641337562
2025-10-17 19:00,17.98940185833125
2025-10-17 20:00,3.1826810985486538
2025-10-17 21:00,1.9839213994208689
2025-10-17 22:00,32.75254972016758
2025-10-17 23:00,32.236400650590056
2025-10-18 00:00,4.439171172231745
2025-10-18 01:00,29.047701780544497
2025-10-18 02:00,36.23833965341328
2025-10-18 03:00,37.71082377997561
2025-10-18 04:00,35.23876457664496
2025-10-18 05:00,20.233123151832903
2025-10-18 06:00,26.702893014478818
2025-10-18 07:00,35.08290687857956
2025-10-18 08:00,11.014926669293937
2025-10-18 09:00,11.739550875037464
2025-10-18 10:00,17.058835560342747
2025-10-18 11:00,48.32283348729366
2025-10-18 12:00,54.47523958527449
2025-10-18 13:00,57.516547250904246
2025-10-18 14:00,54.574204244847664
2025-10-18 15:00,47.32242272341783
2025-10-18 16:00,27.66206200502943
2025-10-18 17:00,20.57529466682111
2025-10-18 18:00,27.69230978045532
2025-10-18 19:00,35.292923406007674
2025-10-18 20:00,24.10490476056257
2025-10-18 21:00,9.917498574233559
2025-10-18 22:00,14.054834411117785
2025-10-18 23:00,7.172622029887738
2025-10-19 00:00,5.254731278396622
2025-10-19 01:00,4.202237727491876
2025-10-19 02:00,3.9422716262286257
2025-10-19 03:00,4.397933955552425
2025-10-19 04:00,3.223601959807874
2025-10-19 05:00,4.097450143042821
2025-10-19 06:00,6.782565612301059
2025-10-19 07:00,0.8826407896863301
2025-10-19 08:00,0.9605151323196913
2025-10-19 09:00,0.13353378412172087
2025-10-19 10:00,0.2439002346654002
2025-10-19 11:00,2.753885564441357
2025-10-19 12:00,3.6101913330023345
2025-10-19 13:00,7.470030461185875
2025-10-19 14:00,11.56961892062927
2025-10-19 15:00,23.976208389681037
2025-10-19 16:00,42.68675731951397
2025-10-19 17:00,30.70852495117953
2025-10-19 18:00,33.672329071671136
2025-10-19 19:00,52.777352296128534
2025-10-19 20:00,56.622577896841214
2025-10-19 21:00,55.31830683138439
2025-10-19 22:00,53.84584868174904
2025-10-19 23:00,55.0355453710033
2025-10-20 00:00,55.55301820469957
2025-10-20 01:00,50.94126226942791
2025-10-20 02:00,59.55695278255753
2025-10-20 03:00,52.880878421683164
2025-10-20 04:00,49.116439973581784
2025-10-20 05:00,46.80409698806222
2025-10-20 06:00,27.351647249186477
2025-10-20 07:00,17.080022444326833
2025-10-20 08:00,30.410095448450903
2025-10-20 09:00,36.390966073051224
2025-10-20 10:00,41.24086349099904
2025-10-20 11:00,39.496935608541555
2025-10-20 12:00,36.06011731546311
2025-10-20 13:00,33.183048379416114
2025-10-20 14:00,40.654641472985766
2025-10-20 15:00,40.50975747615201
2025-10-20 16:00,43.66235054896155
2025-10-20 17:00,46.462659638013605
2025-10-20 18:00,40.928428835572625
2025-10-20 19:00,47.97174972458071
2025-10-20 20:00,29.447897033494677
2025-10-20 21:00,33.50596810293267
2025-10-20 22:00,28.590883680909858
2025-10-20 23:00,26.75011156654677
2025-10-21 00:00,36.61743021469353
2025-10-21 01:00,35.416178380883736
2025-10-21 02:00,32.83450412239796
2025-10-21 03:00,31.27137315373647
2025-10-21 04:00,18.981477904777808
2025-10-21 05:00,16.860314814310968
2025-10-21 06:00,27.61218143533721
2025-10-21 07:00,26.1554959812205
2025-10-21 08:00,26.120041347270092
2025-10-21 09:00,25.463600054879503
2025-10-21 10:00,17.673665422060697
2025-10-21 11:00,22.504651801654695
2025-10-21 12:00,31.07457595287738
2025-10-21 13:00,26.431698789490536
2025-10-21 14:00,38.351879487890606
2025-10-21 15:00,40.906619614060645
2025-10-21 16:00,47.120383791134806
2025-10-21 17:00,40.77864846422071
2025-10-21 18:00,35.41682371191951
2025-10-21 19:00,33.747556271791076
2025-10-21 20:00,24.236492717901285
2025-10-21 21:00,21.179502996445507
2025-10-21 22:00,19.050789710055714
2025-10-21 23:00,17.66048692673235
2025-10-22 00:00,13.811388094142655
2025-10-22 01:00,17.65897318463515
2025-10-22 02:00,14.600469850035156
2025-10-22 03:00,8.592540993045505
2025-10-22 04:00,9.484604044282479
2025-10-22 05:00,10.695481456552908
2025-10-22 06:00,23.119332231320676
2025-10-22 07:00,13.535784686184709
2025-10-22 08:00,11.802085710678496
2025-10-22 09:00,12.098015578188319
2025-10-22 10:00,13.2162106614392
2025-10-22 11:00,8.883585422057454
2025-10-22 12:00,6.731778046769532
2025-10-22 13:00,5.201453947930509
2025-10-22 14:00,9.721887101277053
2025-10-22 15:00,9.22251984688702
2025-10-22 16:00,8.221792330311775
2025-10-22 17:00,1.302993280525613
2025-10-22 18:00,13.24960096819847
2025-10-22 19:00,25.694703232018277
2025-10-22 20:00,23.62150453078693
2025-10-22 21:00,25.28700008385948
2025-10-22 22:00,11.602673488515986
2025-10-22 23:00,2.629584664739289
2025-10-23 00:00,2.7440451852837207
2025-10-23 01:00,7.994732511331683
2025-10-23 02:00,13.644492103920747
2025-10-23 03:00,9.613542425654613
2025-10-23 04:00,11.374766513399974
2025-10-23 05:00,14.12663799806999
2025-10-23 06:00,3.144833971387241
2025-10-23 07:00,3.8228813299197424
2025-10-23 08:00,4.1057632553405705
2025-10-23 09:00,0.8820894781491861
2025-10-23 10:00,0.7700026117977619
2025-10-23 11:00,0.0
2025-10-23 12:00,0.0
2025-10-23 13:00,1.8192564239948
2025-10-23 14:00,1.6761332558766942
2025-10-23 15:00,4.614237941119331
2025-10-23 16:00,6.5781915815984044
2025-10-23 17:00,7.565204760132703
2025-10-23 18:00,9.50035101799171
2025-10-23 19:00,19.584628954180577
2025-10-23 20:00,32.249679455055166
2025-10-23 21:00,22.134578031212293
2025-10-23 22:00,7.584559012063446
2025-10-23 23:00,1.0638022636149218
2025-10-24 00:00,17.001771515104224
2025-10-24 01:00,10.232635988198274
2025-10-24 02:00,7.930951645196969
2025-10-24 03:00,9.336718694925091
2025-10-24 04:00,6.241711580029627
2025-10-24 05:00,7.979253739695748
2025-10-24 06:00,6.120916600093858
2025-10-24 07:00,7.493295991742938
2025-10-24 08:00,9.189402231024062
2025-10-24 09:00,7.0806988938149376
2025-10-24 10:00,2.2716173520343297
2025-10-24 11:00,0.1994869794160714
2025-10-24 12:00,1.0429142176955524
2025-10-24 13:00,1.3481850373028632
2025-10-24 14:00,3.1652568157051375
2025-10-24 15:00,8.13066415264082
2025-10-24 16:00,10.702880944434737
2025-10-24 17:00,10.762554547516975
2025-10-24 18:00,4.892483852669206
2025-10-24 19:00,3.5856817277219797
2025-10-24 20:00,4.4764295075100895
2025-10-24 21:00,8.158389945890347
2025-10-24 22:00,8.267473664950861
2025-10-24 23:00,4.566006000144605
2025-10-25 00:00,1.2494867384903379
2025-10-25 01:00,0.6526484267201867
2025-10-25 02:00,1.668649134657317
2025-10-25 03:00,1.3484133394646944
2025-10-25 04:00,1.0039494492610115
2025-10-25 05:00,2.0643067843808303
2025-10-25 06:00,4.059553022525537
2025-10-25 07:00,5.0180648536920405
2025-10-25 08:00,5.377982912815989
2025-10-25 09:00,6.107313431536946
2025-10-25 10:00,6.3006887888633925
2025-10-25 11:00,9.1570868494852
2025-10-25 12:00,6.341923984931165
2025-10-25 13:00,9.198419787320645
2025-10-25 14:00,12.614871528893634
2025-10-25 15:00,10.60157679650471
2025-10-25 16:00,18.636770429605278
2025-10-25 17:00,17.944539119052827
2025-10-25 18:00,17.558468085436424
2025-10-25 19:00,29.696651509055894
2025-10-25 20:00,32.30746453815328
2025-10-25 21:00,20.00709269066036
2025-10-25 22:00,6.692541689654109
2025-10-25 23:00,4.835103000954474
2025-10-26 00:00,6.4824697002000935
2025-10-26 01:00,5.923672828770617
2025-10-26 02:00,6.953533496033069
2025-10-26 03:00,7.377565008487704
2025-10-26 04:00,14.653539247661843
2025-10-26 05:00,26.064165825283258
2025-10-26 06:00,16.20845177891875
2025-10-26 07:00,8.110708384451227
2025-10-26 08:00,9.206647835329287
2025-10-26 09:00,14.213522527382183
2025-10-26 10:00,12.921916309973176
2025-10-26 11:00,19.992495696827
2025-10-26 12:00,24.76353955243807
2025-10-26 13:00,24.06845695871529
2025-10-26 14:00,38.07509322431904
2025-10-26 15:00,39.42174994503391
2025-10-26 16:00,47.862058486050394
2025-10-26 17:00,25.671563969004023
2025-10-26 18:00,16.307850293074864
2025-10-26 19:00,32.76508226140311
2025-10-26 20:00,23.860634694862593
2025-10-26 21:00,43.1439377445187
2025-10-26 22:00,10.289245561089624
2025-10-26 23:00,17.52601021248385
2025-10-27 00:00,19.24754705087695
2025-10-27 01:00,58.42691247422797
2025-10-27 02:00,56.549136323631444
2025-10-27 03:00,52.24330160109501
2025-10-27 04:00,56.25562100293982
2025-10-27 05:00,56.62810233937323
2025-10-27 06:00,52.717101405830064
2025-10-27 07:00,47.78095536426589
2025-10-27 08:00,46.470035522165254
2025-10-27 09:00,46.26665057619924
2025-10-27 10:00,34.12268604216261
2025-10-27 11:00,21.16009604061576
2025-10-27 12:00,6.854093803677346
2025-10-27 13:00,27.19792085022451
2025-10-27 14:00,42.45976483053645
2025-10-27 15:00,44.02712755018394
2025-10-27 16:00,46.15634304741673
2025-10-27 17:00,45.99862110849772
2025-10-27 18:00,41.404575925346315
2025-10-27 19:00,34.86857448378895
2025-10-27 20:00,34.27788168604481
2025-10-27 21:00,38.92721031045903
2025-10-27 22:00,22.616279575285255
2025-10-27 23:00,13.746758442037901
2025-10-28 00:00,15.06928859548501
2025-10-28 01:00,20.270073109889328
2025-10-28 02:00,21.447750300046362
2025-10-28 03:00,32.76243447206339
2025-10-28 04:00,21.507782730972266
2025-10-28 05:00,15.983592082239033
2025-10-28 06:00,18.973847682031877
2025-10-28 07:00,15.210214168235185
2025-10-28 08:00,10.269115942307875
2025-10-28 09:00,10.78408319051101
2025-10-28 10:00,9.68857035962347
2025-10-28 11:00,10.763672900526783
2025-10-28 12:00,9.93274106333106
2025-10-28 13:00,9.724558723359205
2025-10-28 14:00,8.942432212387251
2025-10-28 15:00,7.116079284441338
2025-10-28 16:00,4.111792314092237
2025-10-28 17:00,3.783070731858458
2025-10-28 18:00,3.4278271015502995
2025-10-28 19:00,4.466615486412187
2025-10-28 20:00,3.8484863047803453
2025-10-28 21:00,4.148381086775405
2025-10-28 22:00,3.9601094033819537
2025-10-28 23:00,4.117305792344143
2025-10-29 00:00,3.763845073942999
2025-10-29 01:00,3.8083973128930033
2025-10-29 02:00,4.517237172922615
2025-10-29 03:00,4.731789277616028
2025-10-29 04:00,5.124755169449085
2025-10-29 05:00,3.783432195942684
2025-10-29 06:00,4.467283951713257
2025-10-29 07:00,5.1890433432696295
2025-10-29 08:00,3.63840878962829
2025-10-29 09:00,4.060029590559238
2025-10-29 10:00,3.6571978738100404
2025-10-29 11:00,4.285961030547271
2025-10-29 12:00,6.473685050207142
2025-10-29 13:00,8.150472899917629
2025-10-29 14:00,2.8706010647454496
2025-10-29 15:00,2.1551976738846355
2025-10-29 16:00,1.2317498136514007
2025-10-29 17:00,3.2459887837073524
2025-10-29 18:00,15.595293572151219
2025-10-29 19:00,16.283911376839182
2025-10-29 20:00,9.545774534044575
2025-10-29 21:00,5.919665301950564
2025-10-29 22:00,2.3536465636512887
2025-10-29 23:00,4.490197539610813
2025-10-30 00:00,5.414546203724659
2025-10-30 01:00,5.517703754042588
2025-10-30 02:00,5.330328222037535
2025-10-30 03:00,7.377880716979268
2025-10-30 04:00,8.602782322000477
2025-10-30 05:00,9.012444352948432
2025-10-30 06:00,6.750133597795421
2025-10-30 07:00,5.565298723268003
2025-10-30 08:00,5.053340045040809
2025-10-30 09:00,4.795607047887136
2025-10-30 10:00,7.058447100875753
2025-10-30 11:00,4.248069287287147
2025-10-30 12:00,1.261725350621785
2025-10-30 13:00,0.9878546801015481
2025-10-30 14:00,1.7188592999726837
2025-10-30 15:00,0.8072713127447312
2025-10-30 16:00,0.4799028133499796
2025-10-30 17:00,1.1880542335486026
2025-10-30 18:00,0.9556700226232778
2025-10-30 19:00,6.032221438291068
2025-10-30 20:00,8.335892537422362
2025-10-30 21:00,7.851009944311855
2025-10-30 22:00,4.6251187615923355
2025-10-30 23:00,4.3609038362757175
2025-10-31 00:00,9.988540152949462
2025-10-31 01:00,11.265280618348502
2025-10-31 02:00,9.470521635041312
2025-10-31 03:00,8.301249201190045
2025-10-31 04:00,11.260875716061111
2025-10-31 05:00,10.367691128948511
2025-10-31 06:00,12.51355789778052
2025-10-31 07:00,13.785056240586917
2025-10-31 08:00,8.408448491640616
2025-10-31 09:00,10.393620135961704
2025-10-31 10:00,6.021548092449099
2025-10-31 11:00,1.048151302712596
2025-10-31 12:00,1.1760172125281316
2025-10-31 13:00,1.50401639890469
2025-10-31 14:00,3.351532547238636
2025-10-31 15:00,10.363198722739753
2025-10-31 16:00,14.996938432609976
2025-10-31 17:00,13.787486887640384
2025-10-31 18:00,11.442103132015957
2025-10-31 19:00,4.409571271082662
2025-10-31 20:00,4.840702741964538
2025-10-31 21:00,6.52882749769054
2025-10-31 22:00,7.558354276595718
2025-10-31 23:00,30.433924559311
2025-11-01 00:00,10.599522719702609
2025-11-01 01:00,19.53410782722377
2025-11-01 02:00,9.572757574443793
2025-11-01 03:00,7.152989977709644
2025-11-01 04:00,8.864836537414874
2025-11-01 05:00,33.77592145513305
2025-11-01 06:00,36.61855737411071
2025-11-01 07:00,28.890367254795308
2025-11-01 08:00,21.04625495981744
2025-11-01 09:00,35.56219249555302
2025-11-01 10:00,47.06648312642586
2025-11-01 11:00,42.68410899873834
2025-11-01 12:00,35.164582798720716
2025-11-01 13:00,31.134000368839192
2025-11-01 14:00,26.63356472449514
2025-11-01 15:00,33.90039284129219
2025-11-01 16:00,34.30626124076209
2025-11-01 17:00,29.081648294774737
2025-11-01 18:00,21.484605825577038
2025-11-01 19:00,19.111346495333876
2025-11-01 20:00,15.637044976536862
2025-11-01 21:00,7.595666092908162
2025-11-01 22:00,6.619566595035385
2025-11-01 23:00,25.678911298140495
2025-11-02 00:00,29.784337454310258
2025-11-02 01:00,36.027649666009076
2025-11-02 02:00,22.161690865632433
2025-11-02 03:00,33.89584056185359
2025-11-02 04:00,33.9966564780955
2025-11-02 05:00,35.207757075134644
2025-11-02 06:00,29.537688021922712
2025-11-02 07:00,41.890781010404176
2025-11-02 08:00,43.32901988264103
2025-11-02 09:00,52.96091109128402
2025-11-02 10:00,60.22267042678937
2025-11-02 11:00,56.411282892663365
2025-11-02 12:00,50.04232502663586
2025-11-02 13:00,49.51353280970774
2025-11-02 14:00,50.60291945673584
2025-11-02 15:00,49.423483700717306
2025-11-02 16:00,49.304137722268955
2025-11-02 17:00,50.08393384865035
2025-11-02 18:00,52.41265407958005
2025-11-02 19:00,53.262426738303844
2025-11-02 20:00,54.37197279412846
2025-11-02 21:00,56.10682923633408
2025-11-02 22:00,54.66068645312534
2025-11-02 23:00,50.43550953071358
2025-11-03 00:00,50.77444693094701
2025-11-03 01:00,52.058733714151764
2025-11-03 02:00,47.74344045819611
2025-11-03 03:00,36.24162560496021
2025-11-03 04:00,34.0466066465695
2025-11-03 05:00,27.99446192487498
2025-11-03 06:00,6.293140979738423
2025-11-03 07:00,6.778340209131905
2025-11-03 08:00,3.5561765977794733
2025-11-03 09:00,3.2565167127110417
2025-11-03 10:00,3.2191599121695655
2025-11-03 11:00,3.7430962179615483
2025-11-03 12:00,5.804898052528546
2025-11-03 13:00,5.105099384431115
2025-11-03 14:00,5.887672434601234
2025-11-03 15:00,5.080905114270494
2025-11-03 16:00,2.8155732331285073
2025-11-03 17:00,2.0765734171893673
2025-11-03 18:00,2.1376158407023285
2025-11-03 19:00,1.2810284494592177
2025-11-03 20:00,1.1776879402843574
2025-11-03 21:00,1.3181985709829311
2025-11-03 22:00,2.7514562205460056
2025-11-03 23:00,0.9142345697415185
2025-11-04 00:00,2.15927102380125
2025-11-04 01:00,1.696763295382817
2025-11-04 02:00,2.1371756787116123
2025-11-04 03:00,5.423824160249229
2025-11-04 04:00,7.251527114629817
2025-11-04 05:00,6.865614224353362
2025-11-04 06:00,3.2909217105267436
2025-11-04 07:00,1.0792146373895994
2025-11-04 08:00,2.3367227855886177
2025-11-04 09:00,2.087147414934837
2025-11-04 10:00,1.4155729102223715
2025-11-04 11:00,1.1695407913826448
2025-11-04 12:00,2.1545766114286855
2025-11-04 13:00,1.76191654394867
2025-11-04 14:00,1.9313769209003206
2025-11-04 15:00,5.486459063405705
2025-11-04 16:00,3.382226781875798
2025-11-04 17:00,4.465957234414414
2025-11-04 18:00,5.219505681211988
2025-11-04 19:00,9.770109825858356
2025-11-04 20:00,4.98002494389633
2025-11-04 21:00,7.710111163837631
2025-11-04 22:00,5.3430081053224825
2025-11-04 23:00,7.073414357345169
2025-11-05 00:00,5.591157854259993
2025-11-05 01:00,5.81630615968548
2025-11-05 02:00,8.828677817546383
2025-11-05 03:00,13.430068995260982
2025-11-05 04:00,11.807656095801097
2025-11-05 05:00,8.270830665115987
2025-11-05 06:00,12.927338381616666
2025-11-05 07:00,7.283051371342882
2025-11-05 08:00,10.454146493378747
2025-11-05 09:00,8.52983365237258
2025-11-05 10:00,6.2403169621500485
2025-11-05 11:00,3.9532281530839186
2025-11-05 12:00,3.6755075230420347
2025-11-05 13:00,5.20054150074838
2025-11-05 14:00,7.730513395371133
2025-11-05 15:00,12.19788653363629
2025-11-05 16:00,9.953127615511228
2025-11-05 17:00,10.372021488393987
2025-11-05 18:00,13.541604063200916
2025-11-05 19:00,14.733407912444516
2025-11-05 20:00,13.009276428484084
2025-11-05 21:00,6.573809653218684
2025-11-05 22:00,3.953048005501113
2025-11-05 23:00,10.171917754228602
2025-11-06 00:00,9.071276392779952
2025-11-06 01:00,10.774934739531837
2025-11-06 02:00,5.170887767910311
2025-11-06 03:00,6.553860657237167
2025-11-06 04:00,8.680302057123292
2025-11-06 05:00,7.666390493104172
2025-11-06 06:00,7.631327977683912
2025-11-06 07:00,8.362148466737995
2025-11-06 08:00,7.813789149531327
2025-11-06 09:00,6.454896381709315
2025-11-06 10:00,5.144686661609475
2025-11-06 11:00,10.210905020742103
2025-11-06 12:00,19.40732830714891
2025-11-06 13:00,22.51049700880385
2025-11-06 14:00,15.717147836322308
2025-11-06 15:00,10.94161159784994
2025-11-06 16:00,7.700934889167824
2025-11-06 17:00,9.494716950219615
2025-11-06 18:00,27.082162470223125
2025-11-06 19:00,27.91479098968921
2025-11-06 20:00,10.679280712112119
2025-11-06 21:00,5.203857440997232
2025-11-06 22:00,3.914427551596569
2025-11-06 23:00,3.747196995784453
2025-11-07 00:00,4.684186821360178
2025-11-07 01:00,3.6808593864213877
2025-11-07 02:00,3.178354905689613
2025-11-07 03:00,4.1669384691079845
2025-11-07 04:00,5.166913438284508
2025-11-07 05:00,3.455216696669085
2025-11-07 06:00,3.3652010621027406
2025-11-07 07:00,4.69769193609098
2025-11-07 08:00,4.134163764400951
2025-11-07 09:00,3.0943303129384594
2025-11-07 10:00,1.7166195933346493
2025-11-07 11:00,0.8477129111182656
2025-11-07 12:00,0.10462603397750408
2025-11-07 13:00,0.15812660167748674
2025-11-07 14:00,2.3888977502714
2025-11-07 15:00,2.289025391340869
2025-11-07 16:00,2.472761105846491
2025-11-07 17:00,4.40379890018198
2025-11-07 18:00,4.077999766802185
2025-11-07 19:00,1.2195279375733152
2025-11-07 20:00,0.9217812818842109
2025-11-07 21:00,1.5849711829335038
2025-11-07 22:00,1.8662928605222628
2025-11-07 23:00,5.585475999317499
2025-11-08 00:00,4.0494518917628595
2025-11-08 01:00,9.952427495194716
2025-11-08 02:00,9.628828836438922
2025-11-08 03:00,12.670484637962065
2025-11-08 04:00,8.91062534877424
2025-11-08 05:00,10.446195652228488
2025-11-08 06:00,3.0410773922845817
2025-11-08 07:00,4.494282007772432
2025-11-08 08:00,9.35799639943813
2025-11-08 09:00,9.32411468387814
2025-11-08 10:00,5.84156950576715
2025-11-08 11:00,2.1685759635058095
2025-11-08 12:00,16.96924167198009
2025-11-08 13:00,11.355355498977271
2025-11-08 14:00,2.899156199178204
2025-11-08 15:00,0.3731350855085857
2025-11-08 16:00,0.6763892502215375
2025-11-08 17:00,4.250580837840583
2025-11-08 18:00,1.2187518072745867
2025-11-08 19:00,1.0802019370437017
2025-11-08 20:00,1.5801536898970934
2025-11-08 21:00,5.38483456627079
2025-11-08 22:00,29.771441884776028
2025-11-08 23:00,20.80478827952569
2025-11-09 00:00,5.628810836166809
2025-11-09 01:00,2.9759525813740217
2025-11-09 02:00,6.729663751531435
2025-11-09 03:00,10.119963605569952
2025-11-09 04:00,7.860379954843772
2025-11-09 05:00,14.146112087585148
2025-11-09 06:00,21.68539814834558
2025-11-09 07:00,11.402869460527107
2025-11-09 08:00,5.369577154308074
2025-11-09 09:00,7.350223742183454
2025-11-09 10:00,17.371048159462944
2025-11-09 11:00,23.9513064315223
2025-11-09 12:00,30.756140619873225
2025-11-09 13:00,41.88437510041446
2025-11-09 14:00,38.25354418418363
2025-11-09 15:00,44.003804554127555
2025-11-09 16:00,29.309972141352702
2025-11-09 17:00,17.45920039649375
2025-11-09 18:00,11.642524397685097
2025-11-09 19:00,12.147594197131053
2025-11-09 20:00,49.301613161802656
2025-11-09 21:00,50.63236922497521
2025-11-09 22:00,55.757911749942906
2025-11-09 23:00,56.424374823802644
2025-11-10 00:00,54.71453227543612
2025-11-10 01:00,53.254334792611985
2025-11-10 02:00,52.4256967279939
2025-11-10 03:00,54.78662489432841
2025-11-10 04:00,54.103845838679405
2025-11-10 05:00,38.180074465147115
2025-11-10 06:00,16.384125226482475
2025-11-10 07:00,42.00160038872763
2025-11-10 08:00,49.4576192664856
2025-11-10 09:00,50.747271211230874
2025-11-10 10:00,55.56519463863374
2025-11-10 11:00,56.09406582743029
2025-11-10 12:00,49.67528039526858
2025-11-10 13:00,44.30604100685701
2025-11-10 14:00,44.196680493014476
2025-11-10 15:00,40.66713882389175
2025-11-10 16:00,33.01969963357553
2025-11-10 17:00,28.889419010529238
2025-11-10 18:00,29.006175801232235
2025-11-10 19:00,25.915675004013433
2025-11-10 20:00,18.644731462118393
2025-11-10 21:00,9.843810593359958
2025-11-10 22:00,9.16787859448701
2025-11-10 23:00,9.892548422197187
2025-11-11 00:00,12.954463120271491
2025-11-11 01:00,14.334009339397475
2025-11-11 02:00,20.848881854444738
2025-11-11 03:00,21.77313667252057
2025-11-11 04:00,17.43488810147548
2025-11-11 05:00,15.30819460071234
2025-11-11 06:00,14.15265079625357
2025-11-11 07:00,12.242164226886732
2025-11-11 08:00,10.573190636694319
2025-11-11 09:00,9.691279052102939
2025-11-11 10:00,8.053339062448645
2025-11-11 11:00,7.865488507272438
2025-11-11 12:00,4.989164773009838
2025-11-11 13:00,9.910845339822604
2025-11-11 14:00,10.267616447310251
2025-11-11 15:00,17.889532346684245
2025-11-11 16:00,27.186793175068054
2025-11-11 17:00,10.570809498078313
2025-11-11 18:00,12.066738157676697
2025-11-11 19:00,11.339986954494307
2025-11-11 20:00,11.256436979466503
2025-11-11 21:00,11.169691051728144
2025-11-11 22:00,9.06788037853357
2025-11-11 23:00,7.371042320510204
2025-11-12 00:00,8.476592582866392
2025-11-12 01:00,13.079319963756939
2025-11-12 02:00,13.792417105724766
2025-11-12 03:00,17.938686659512985
2025-11-12 04:00,9.561815683735722
2025-11-12 05:00,9.90798127371358
2025-11-12 06:00,11.00101634519289
2025-11-12 07:00,9.938828299917768
2025-11-12 08:00,9.176482733731511
2025-11-12 09:00,9.770892804724369
2025-11-12 10:00,9.379605910976986
2025-11-12 11:00,5.240333070551376
2025-11-12 12:00,4.400587320060736
2025-11-12 13:00,4.992723952670333
2025-11-12 14:00,5.43886190163662
2025-11-12 15:00,5.543102486141338
2025-11-12 16:00,7.052548513926283
2025-11-12 17:00,6.546722561585784
2025-11-12 18:00,7.956789883708416
2025-11-12 19:00,9.936352768695299
2025-11-12 20:00,7.0492662192781275
2025-11-12 21:00,6.713288584923055
2025-11-12 22:00,6.818174667672453
2025-11-12 23:00,8.517669038380824
2025-11-13 00:00,13.214148426715935
2025-11-13 01:00,10.895411257018793
2025-11-13 02:00,8.831995962003141
2025-11-13 03:00,10.352550599194023
2025-11-13 04:00,8.782227142059961
2025-11-13 05:00,10.272248876276247
2025-11-13 06:00,10.363051691333705
2025-11-13 07:00,9.167283610433168
2025-11-13 08:00,7.27609619293394
2025-11-13 09:00,6.722208969751524
2025-11-13 10:00,5.586300368266051
2025-11-13 11:00,3.1107738808048753
2025-11-13 12:00,2.84636459927098
2025-11-13 13:00,1.7581628647217338
2025-11-13 14:00,10.207633042893459
2025-11-13 15:00,19.514754262584596
2025-11-13 16:00,22.7725344564383
2025-11-13 17:00,28.863504209908655
2025-11-13 18:00,31.87427807724756
2025-11-13 19:00,35.4656989140753
2025-11-13 20:00,36.28327981572892
2025-11-13 21:00,27.731689364764083
2025-11-13 22:00,20.456452645412075
2025-11-13 23:00,11.415712481199797
2025-11-14 00:00,17.401064533003215
2025-11-14 01:00,22.59699316061589
2025-11-14 02:00,19.9519527861436
2025-11-14 03:00,16.29243559924183
2025-11-14 04:00,16.790377080227326
2025-11-14 05:00,11.819341484859851
2025-11-14 06:00,8.98858437707465
2025-11-14 07:00,9.810814283447215
2025-11-14 08:00,6.908198602116417
2025-11-14 09:00,6.139221632021512
2025-11-14 10:00,5.6341194731289255
2025-11-14 11:00,30.750515792048883
2025-11-14 12:00,36.60450632691368
2025-11-14 13:00,37.57739819834634
2025-11-14 14:00,33.55659242057754
2025-11-14 15:00,33.433698100555496
2025-11-14 16:00,29.927894625156767
2025-11-14 17:00,19.957191920539017
2025-11-14 18:00,15.026921223729532
2025-11-14 19:00,19.37995747837135
2025-11-14 20:00,15.118614779906022
2025-11-14 21:00,17.099243821206258
2025-11-14 22:00,16.45620160462308
2025-11-14 23:00,12.180437800992243
2025-11-15 00:00,6.105036181661146
2025-11-15 01:00,6.203079348916559
2025-11-15 02:00,8.722543342839167
2025-11-15 03:00,5.993091351429528
2025-11-15 04:00,8.169975912319858
2025-11-15 05:00,9.717363951037235
2025-11-15 06:00,10.909051381747446
2025-11-15 07:00,10.709613334975767
2025-11-15 08:00,6.860345739179082
2025-11-15 09:00,4.740120850498422
2025-11-15 10:00,4.87126323169805
2025-11-15 11:00,3.23348065165682
2025-11-15 12:00,2.881875497975316
2025-11-15 13:00,3.9893333727774527
2025-11-15 14:00,2.6915912002838116
2025-11-15 15:00,2.1224324803475363
2025-11-15 16:00,2.89761664691795
2025-11-15 17:00,2.18304192096755
2025-11-15 18:00,3.7463066078958063
2025-11-15 19:00,3.8456209791499196
2025-11-15 20:00,6.850812076443735
2025-11-15 21:00,2.4655120783948297
2025-11-15 22:00,3.0596784967241026
2025-11-15 23:00,4.142221248698249
2025-11-16 00:00,6.599194348485301
2025-11-16 01:00,7.475674595631654
2025-11-16 02:00,9.877026270393358
2025-11-16 03:00,10.791444197818118
2025-11-16 04:00,8.618550911421565
2025-11-16 05:00,8.127170572411286
2025-11-16 06:00,7.087472287216388
2025-11-16 07:00,5.150197507762401
2025-11-16 08:00,4.49204325733871
2025-11-16 09:00,4.870508698402502
2025-11-16 10:00,2.7130680610092357
2025-11-16 11:00,5.147964705752877
2025-11-16 12:00,3.069805651891706
2025-11-16 13:00,2.4465547022977607
2025-11-16 14:00,13.740190476255732
2025-11-16 15:00,11.626442276641255
2025-11-16 16:00,10.935055448016916
2025-11-16 17:00,1.6193199232302888
2025-11-16 18:00,3.070372342673556
2025-11-16 19:00,4.920068741253628
2025-11-16 20:00,10.329929777411905
2025-11-16 21:00,26.04588864162762
2025-11-16 22:00,37.99093761238867
2025-11-16 23:00,23.513807216198014
2025-11-17 00:00,18.1234067317332
2025-11-17 01:00,55.595911126759944
2025-11-17 02:00,56.72331337979457
2025-11-17 03:00,51.681301557397504
2025-11-17 04:00,40.38248974194888
2025-11-17 05:00,55.27429897056359
2025-11-17 06:00,46.087812102207096
2025-11-17 07:00,39.38165996023141
2025-11-17 08:00,42.22296680934582
2025-11-17 09:00,50.46259898226346
2025-11-17 10:00,52.4320214805666
2025-11-17 11:00,50.75765670952156
2025-11-17 12:00,50.40747032396211
2025-11-17 13:00,53.07259715613864
2025-11-17 14:00,50.26646820975321
2025-11-17 15:00,49.39184837121965
2025-11-17 16:00,47.97659087798737
2025-11-17 17:00,50.34675129243575
2025-11-17 18:00,50.81939660650463
2025-11-17 19:00,51.86765142241116
2025-11-17 20:00,51.48312142901307
2025-11-17 21:00,54.17864381382519
2025-11-17 22:00,47.77054477877334
2025-11-17 23:00,44.9072484984702
2025-11-18 00:00,44.293763476689044
2025-11-18 01:00,43.916037790561084
2025-11-18 02:00,55.47268088318673
2025-11-18 03:00,40.63708482644828
2025-11-18 04:00,45.84291366703607
2025-11-18 05:00,52.7124660653998
2025-11-18 06:00,54.842684708777334
2025-11-18 07:00,40.30177781115951
2025-11-18 08:00,26.791558962683894
2025-11-18 09:00,24.700621521502477
2025-11-18 10:00,19.63064603392895
2025-11-18 11:00,52.93677239372287
2025-11-18 12:00,41.7263386532748
2025-11-18 13:00,44.6970456106544
2025-11-18 14:00,25.25828511691989
2025-11-18 15:00,34.027431488757266
2025-11-18 16:00,37.97870709658324
2025-11-18 17:00,41.5288336412576
2025-11-18 18:00,48.367035066215436
2025-11-18 19:00,10.961991288136783
2025-11-18 20:00,25.0019285986267
2025-11-18 21:00,23.656302882683175
2025-11-18 22:00,50.89384958828034
2025-11-18 23:00,32.027073613778946
2025-11-19 00:00,6.381580172211925
2025-11-19 01:00,8.261406277450753
2025-11-19 02:00,13.800154257027076
2025-11-19 03:00,12.338190218006194
2025-11-19 04:00,25.57095473313701
2025-11-19 05:00,10.766764292878127
2025-11-19 06:00,8.688706297744195
2025-11-19 07:00,9.113575386390377
2025-11-19 08:00,8.422525138687018
2025-11-19 09:00,6.276334146520838
2025-11-19 10:00,5.016353151219311
2025-11-19 11:00,5.377587923814646
2025-11-19 12:00,5.597759074634779
2025-11-19 13:00,6.9711920766927795
2025-11-19 14:00,8.689865468351815
2025-11-19 15:00,10.40985642237359
2025-11-19 16:00,9.06769395464098
2025-11-19 17:00,15.671507587071439
2025-11-19 18:00,7.426314809408065
2025-11-19 19:00,8.095320213962635
2025-11-19 20:00,5.155753352707341
2025-11-19 21:00,6.266969878746554
2025-11-19 22:00,4.881150657439786
2025-11-19 23:00,4.973422976889181
2025-11-20 00:00,4.737000256667651
2025-11-20 01:00,6.1618278355433835
2025-11-20 02:00,6.64670014769129
2025-11-20 03:00,7.054869178488491
2025-11-20 04:00,6.079154865357334
2025-11-20 05:00,7.256711318456157
2025-11-20 06:00,7.974050429229508
2025-11-20 07:00,8.306626565560506
2025-11-20 08:00,11.549381982733612
2025-11-20 09:00,12.925279483891485
2025-11-20 10:00,18.83466780549295
2025-11-20 11:00,14.322363891348278
2025-11-20 12:00,23.48198624748652
2025-11-20 13:00,18.034234636689728
2025-11-20 14:00,17.976027917724455
2025-11-20 15:00,29.365121335622778
2025-11-20 16:00,20.83506936879205
2025-11-20 17:00,15.628427721990874
2025-11-20 18:00,13.158130604505994
2025-11-20 19:00,16.65231539352534
2025-11-20 20:00,20.14191980066613
2025-11-20 21:00,42.03083022491286
2025-11-20 22:00,41.12431745032341
2025-11-20 23:00,37.51446228145302
2025-11-21 00:00,34.01417985612649
2025-11-21 01:00,23.7321513638736
2025-11-21 02:00,22.970831099783954
2025-11-21 03:00,10.842292376540831
2025-11-21 04:00,8.065564887638772
2025-11-21 05:00,7.7238923369522094
2025-11-21 06:00,7.475290513465291
2025-11-21 07:00,6.390779908469124
2025-11-21 08:00,5.92743898888966
2025-11-21 09:00,5.24939308640836
2025-11-21 10:00,5.439878799819115
2025-11-21 11:00,4.36918035125295
2025-11-21 12:00,4.187953852703472
2025-11-21 13:00,4.541159640362976
2025-11-21 14:00,6.570803541196802
2025-11-21 15:00,6.681823321982505
2025-11-21 16:00,11.425586074158842
2025-11-21 17:00,4.826193853697792
2025-11-21 18:00,4.234355516675728
2025-11-21 19:00,12.286346766770956
2025-11-21 20:00,5.845326216362033
2025-11-21 21:00,7.559372483708889
2025-11-21 22:00,5.432552742431579
2025-11-21 23:00,5.9061453721134365
2025-11-22 00:00,9.029910357357013
2025-11-22 01:00,17.562965133872645
2025-11-22 02:00,19.457693750070305
2025-11-22 03:00,9.137831358868509
2025-11-22 04:00,4.642545620929045
2025-11-22 05:00,5.130232441512737
2025-11-22 06:00,13.193957847282764
2025-11-22 07:00,6.403664466539196
2025-11-22 08:00,5.264773336882294
2025-11-22 09:00,5.735384754254787
2025-11-22 10:00,4.405339854246005
2025-11-22 11:00,3.7754197649715335
2025-11-22 12:00,4.148937474520693
2025-11-22 13:00,4.592395991934579
2025-11-22 14:00,2.891712761977417
2025-11-22 15:00,3.7736583745450334
2025-11-22 16:00,9.350200491445204
2025-11-22 17:00,5.051543467893676
2025-11-22 18:00,4.207859558377575
2025-11-22 19:00,3.744847593704661
2025-11-22 20:00,6.606940567559005
2025-11-22 21:00,6.937509256582878
2025-11-22 22:00,7.550850468223544
2025-11-22 23:00,12.206468693382355
2025-11-23 00:00,8.045920777268474
2025-11-23 01:00,6.735005920934176
2025-11-23 02:00,7.960022813885524
2025-11-23 03:00,8.6682402324288
2025-11-23 04:00,13.006731291369261
2025-11-23 05:00,18.080171615137914
2025-11-23 06:00,32.09277601131463
2025-11-23 07:00,23.29562296267664
2025-11-23 08:00,14.669928187723958
2025-11-23 09:00,21.191850361822517
2025-11-23 10:00,19.14191875504352
2025-11-23 11:00,34.11236628663579
2025-11-23 12:00,22.816743794597627
2025-11-23 13:00,20.039749776640797
2025-11-23 14:00,14.625253659869708
2025-11-23 15:00,16.40480330208431
2025-11-23 16:00,24.90691788475564
2025-11-23 17:00,18.381355641471497
2025-11-23 18:00,16.676685850547397
2025-11-23 19:00,30.97078864415006
2025-11-23 20:00,30.199183221161856
2025-11-23 21:00,36.522440005385995
2025-11-23 22:00,29.000520885509857
2025-11-23 23:00,22.344994172688246
2025-11-24 00:00,27.596676117754857
2025-11-24 01:00,21.678664844347853
2025-11-24 02:00,21.716633091903947
2025-11-24 03:00,30.741936156753663
2025-11-24 04:00,19.669251017050936
2025-11-24 05:00,33.08916083032309
2025-11-24 06:00,34.14091303423627
2025-11-24 07:00,17.075444243275165
2025-11-24 08:00,21.787893054354466
2025-11-24 09:00,29.55129021072167
2025-11-24 10:00,31.02000871171992
2025-11-24 11:00,35.27163297301219
2025-11-24 12:00,27.022583434832683
2025-11-24 13:00,25.936973514930095
2025-11-24 14:00,19.395667308394344
2025-11-24 15:00,20.76406620726696
2025-11-24 16:00,12.818346464547682
2025-11-24 17:00,11.483919864269481
2025-11-24 18:00,10.657860733065005
2025-11-24 19:00,13.245380369049732
2025-11-24 20:00,14.336744706325632
2025-11-24 21:00,16.618998794260293
2025-11-24 22:00,14.154444215030344
2025-11-24 23:00,18.661575738328033
2025-11-25 00:00,12.492586915163043
2025-11-25 01:00,18.104374115412895
2025-11-25 02:00,12.154802168599213
2025-11-25 03:00,11.361028814507595
2025-11-25 04:00,12.748979300690571
2025-11-25 05:00,11.86352455754802
2025-11-25 06:00,16.46025388244684
2025-11-25 07:00,11.762761716790571
2025-11-25 08:00,59.122802362073486
2025-11-25 09:00,51.06869178765475
2025-11-25 10:00,49.9500005949924
2025-11-25 11:00,65.24052814772398
2025-11-25 12:00,50.56051485126616
2025-11-25 13:00,62.36580920282047
2025-11-25 14:00,56.38410428973711
2025-11-25 15:00,52.75792978072402
2025-11-25 16:00,54.37141575172137
2025-11-25 17:00,53.27191902729368
2025-11-25 18:00,56.272649344230786
2025-11-25 19:00,52.96914627869162
2025-11-25 20:00,57.95105715392118
2025-11-25 21:00,53.860360487156534
2025-11-25 22:00,41.15250251341353
2025-11-25 23:00,44.43365346433897
2025-11-26 00:00,42.195279270894275
2025-11-26 01:00,31.134429104746317
2025-11-26 02:00,24.29057387362951
2025-11-26 03:00,11.298673107230869
2025-11-26 04:00,11.292352469221902
2025-11-26 05:00,9.591813988206834
2025-11-26 06:00,13.139239088256218
2025-11-26 07:00,6.5955690824703295
2025-11-26 08:00,5.193130984811043
2025-11-26 09:00,5.827298277816264
2025-11-26 10:00,5.412112714746557
2025-11-26 11:00,4.1400113459220655
2025-11-26 12:00,5.167866531944893
2025-11-26 13:00,3.32805159794291
2025-11-26 14:00,3.438083514933478
2025-11-26 15:00,10.208944317902082
2025-11-26 16:00,10.82116395916306
2025-11-26 17:00,10.539782251894035
2025-11-26 18:00,10.108462239959094
2025-11-26 19:00,11.08299819683396
2025-11-26 20:00,6.23140885999374
2025-11-26 21:00,6.0463254495114604
2025-11-26 22:00,6.327811949093778
2025-11-26 23:00,6.354955735849716
2025-11-27 00:00,7.93338182807457
2025-11-27 01:00,13.705507106292206
2025-11-27 02:00,23.50017890361522
2025-11-27 03:00,43.82736969069651
2025-11-27 04:00,47.83814503462928
2025-11-27 05:00,51.07645481949725
2025-11-27 06:00,47.23706154590545
2025-11-27 07:00,48.921359834198654
2025-11-27 08:00,46.31490318316535
2025-11-27 09:00,51.575976667341386
2025-11-27 10:00,33.87337822735898
2025-11-27 11:00,61.985256090045006
2025-11-27 12:00,52.87891821196268
2025-11-27 13:00,45.80017051796805
2025-11-27 14:00,44.770686976199215
2025-11-27 15:00,48.13668180888931
2025-11-27 16:00,57.70112610762126
2025-11-27 17:00,48.38488039781348
2025-11-27 18:00,59.84740936291894
2025-11-27 19:00,60.400565726404935
2025-11-27 20:00,55.630660685501894
2025-11-27 21:00,54.22245645214446
2025-11-27 22:00,52.63290813199206
2025-11-27 23:00,55.1690324487225
2025-11-28 00:00,48.3239607749377
2025-11-28 01:00,48.44169609385563
2025-11-28 02:00,46.484835796612984
2025-11-28 03:00,51.177799738495686
2025-11-28 04:00,33.602225352168645
2025-11-28 05:00,41.268590859695095
2025-11-28 06:00,34.77961441952976
2025-11-28 07:00,33.8504234632466
2025-11-28 08:00,23.49295152910885
2025-11-28 09:00,21.385803675887175
2025-11-28 10:00,23.343356819617814
2025-11-28 11:00,19.54924337942877
2025-11-28 12:00,27.349708412320517
2025-11-28 13:00,20.209531991802606
2025-11-28 14:00,22.455767458594092
2025-11-28 15:00,18.2166810725754
2025-11-28 16:00,15.072257437918328
2025-11-28 17:00,12.021236202796947
2025-11-28 18:00,7.693077169955993
2025-11-28 19:00,7.5959265500511535
2025-11-28 20:00,10.057156328393122
2025-11-28 21:00,12.333861666505763
2025-11-28 22:00,12.29908222572901
2025-11-28 23:00,14.15231271337041
2025-11-29 00:00,15.872390390889644
2025-11-29 01:00,13.12225493680132
2025-11-29 02:00,14.891301605914359
2025-11-29 03:00,20.336388965774187
2025-11-29 04:00,19.756243988470995
2025-11-29 05:00,12.759389228758707
2025-11-29 06:00,18.472292099655824
2025-11-29 07:00,13.820520481829346
2025-11-29 08:00,9.054288130443847
2025-11-29 09:00,18.429935545921698
2025-11-29 10:00,22.09781012180851
2025-11-29 11:00,29.49658179863318
2025-11-29 12:00,42.14892710138877
2025-11-29 13:00,44.59982249387639
2025-11-29 14:00,45.016422725530084
2025-11-29 15:00,44.887514992384034
2025-11-29 16:00,39.55428235535156
2025-11-29 17:00,33.52702713278941
2025-11-29 18:00,33.19101689375217
2025-11-29 19:00,38.54986698930925
2025-11-29 20:00,38.29733362922919
2025-11-29 21:00,33.095748194400635
2025-11-29 22:00,33.0620573727683
2025-11-29 23:00,33.982562929068045
2025-11-30 00:00,40.4093529362697
2025-11-30 01:00,40.47184656210527
2025-11-30 02:00,35.60528960143211
2025-11-30 03:00,35.08335174063094
2025-11-30 04:00,23.177546351051284
2025-11-30 05:00,23.346244093607954
2025-11-30 06:00,15.055760830690492
2025-11-30 07:00,24.595811162277933
2025-11-30 08:00,21.50797082031913
2025-11-30 09:00,24.178740303490724
2025-11-30 10:00,24.786736954076428
2025-11-30 11:00,22.699789731211034
2025-11-30 12:00,21.661986364497068
2025-11-30 13:00,27.554532961532935
2025-11-30 14:00,27.864221481824767
2025-11-30 15:00,33.01550724889635
2025-11-30 16:00,30.536823774084954
2025-11-30 17:00,30.51642051443435
2025-11-30 18:00,32.870506399751875
2025-11-30 19:00,37.75358023304994
2025-11-30 20:00,32.3726989946729
2025-11-30 21:00,25.95410586498091
2025-11-30 22:00,19.652324533993276
2025-11-30 23:00,18.175137048504414
2025-12-01 00:00,32.063139706967746
2025-12-01 01:00,32.75311967450912
2025-12-01 02:00,41.346549351291316
2025-12-01 03:00,39.3981599177247
2025-12-01 04:00,38.16330460505794
2025-12-01 05:00,40.934933334246814
2025-12-01 06:00,41.68068187356309
2025-12-01 07:00,30.01649332331799
2025-12-01 08:00,26.73520468452593
2025-12-01 09:00,26.558914120984046
2025-12-01 10:00,34.85305739288244
2025-12-01 11:00,41.92332466903377
2025-12-01 12:00,38.069732047087705
2025-12-01 13:00,39.59759023313526
2025-12-01 14:00,39.19588097685501
2025-12-01 15:00,38.52772423662166
2025-12-01 16:00,37.41215027719346
2025-12-01 17:00,30.26647361300245
2025-12-01 18:00,29.940211423280008
2025-12-01 19:00,31.268722135213455
2025-12-01 20:00,36.8365219734837
2025-12-01 21:00,34.45350945074613
2025-12-01 22:00,31.05171530631723
2025-12-01 23:00,22.291323849213494
2025-12-02 00:00,33.8085928104726
2025-12-02 01:00,41.30697214937901
2025-12-02 02:00,38.54580035369886
2025-12-02 03:00,37.0856225236953
2025-12-02 04:00,30.64098575662432
2025-12-02 05:00,28.644134001211008
2025-12-02 06:00,29.400646918385057
2025-12-02 07:00,36.61502355479579
2025-12-02 08:00,32.76088495878297
2025-12-02 09:00,47.58764755619417
2025-12-02 10:00,43.66650360162264
2025-12-02 11:00,42.35836812507431
2025-12-02 12:00,43.128791667904366
2025-12-02 13:00,35.51501151356067
2025-12-02 14:00,42.655978344148934
2025-12-02 15:00,42.394903063821346
2025-12-02 16:00,42.32139705053538
2025-12-02 17:00,47.06009213373268
2025-12-02 18:00,42.08119672915499
2025-12-02 19:00,39.72685136207188
2025-12-02 20:00,39.12985704881735
2025-12-02 21:00,37.592431358900654
2025-12-02 22:00,40.381496702192656
2025-12-02 23:00,25.408222279268294
2025-12-03 00:00,40.046892773912866
2025-12-03 01:00,54.78818869110441
2025-12-03 02:00,57.33504511736574
2025-12-03 03:00,53.815227356948135
2025-12-03 04:00,55.40383570412285
2025-12-03 05:00,51.95526589736045
2025-12-03 06:00,47.733837690383126
2025-12-03 07:00,39.66428484694349
2025-12-03 08:00,25.32821258588751
2025-12-03 09:00,21.82648614507439
2025-12-03 10:00,35.74731413958933
2025-12-03 11:00,54.75056139219174
2025-12-03 12:00,42.97179975221822
2025-12-03 13:00,52.55128849652093
2025-12-03 14:00,48.80203782857988
2025-12-03 15:00,48.45375457459736
2025-12-03 16:00,59.32562635936125
2025-12-03 17:00,41.35513915781297
2025-12-03 18:00,60.44534719751156
2025-12-03 19:00,58.787718116386465
2025-12-03 20:00,49.63609409985362
2025-12-03 21:00,55.92051899839738
2025-12-03 22:00,47.837962982678135
2025-12-03 23:00,28.155548530589822
2025-12-04 00:00,25.82086767537595
2025-12-04 01:00,40.4257501016887
2025-12-04 02:00,25.73959584186683
2025-12-04 03:00,16.745920823457112
2025-12-04 04:00,19.933089685931826
2025-12-04 05:00,21.106124685290872
2025-12-04 06:00,6.140629556674497
2025-12-04 07:00,2.168754204524077
2025-12-04 08:00,4.445909147123557
2025-12-04 09:00,2.4212884321433887
2025-12-04 10:00,11.708175818473654
2025-12-04 11:00,3.7516120490920306
2025-12-04 12:00,2.634493050751415
2025-12-04 13:00,3.189743798880769
2025-12-04 14:00,7.126574016320125
2025-12-04 15:00,9.661862430132995
2025-12-04 16:00,14.264264567052319
2025-12-04 17:00,22.927482684505552
2025-12-04 18:00,34.50849754649953
2025-12-04 19:00,28.9483410788497
2025-12-04 20:00,44.3931788131059
2025-12-04 21:00,49.1091793970747
2025-12-04 22:00,57.01685317449048
2025-12-04 23:00,56.43585824827975
2025-12-05 00:00,53.858253678448285
2025-12-05 01:00,54.40039379841568
2025-12-05 02:00,54.57367781391512
2025-12-05 03:00,39.89609791265909
2025-12-05 04:00,47.209928428580504
2025-12-05 05:00,27.50503997007754
2025-12-05 06:00,34.80132279287057
2025-12-05 07:00,22.85256025225424
2025-12-05 08:00,10.7945268914628
2025-12-05 09:00,7.787018375844646
2025-12-05 10:00,13.900370648013002
2025-12-05 11:00,17.310743392233487
2025-12-05 12:00,22.0447910591982
2025-12-05 13:00,16.290168564982327
2025-12-05 14:00,21.637896914749575
2025-12-05 15:00,29.56352481036564
2025-12-05 16:00,20.39166201525373
2025-12-05 17:00,20.476603752552716
2025-12-05 18:00,17.798750122736653
2025-12-05 19:00,9.510315113610947
2025-12-05 20:00,3.66706693102104
2025-12-05 21:00,3.8896666638527106
2025-12-05 22:00,2.835190271342771
2025-12-05 23:00,4.134727956969926
2025-12-06 00:00,5.45061304667595
2025-12-06 01:00,5.2880136771520085
2025-12-06 02:00,4.019859802025919
2025-12-06 03:00,3.4892340998480003
2025-12-06 04:00,5.241475199860289
2025-12-06 05:00,5.506040887252472
2025-12-06 06:00,8.88493157576167
2025-12-06 07:00,6.12320392695961
2025-12-06 08:00,7.839141224807479
2025-12-06 09:00,8.465429058995506
2025-12-06 10:00,14.574200588643677
2025-12-06 11:00,17.85154973229958
2025-12-06 12:00,34.28709007996335
2025-12-06 13:00,48.6618790861849
2025-12-06 14:00,43.651616371987515
2025-12-06 15:00,43.602793930584596
2025-12-06 16:00,37.9436163359276
2025-12-06 17:00,23.09830605896
2025-12-06 18:00,32.93963340482124
2025-12-06 19:00,33.772248953979975
2025-12-06 20:00,33.81961813586676
2025-12-06 21:00,32.725515422553016
2025-12-06 22:00,32.81996172629669
2025-12-06 23:00,30.57235787782328
2025-12-07 00:00,30.04672290456648
2025-12-07 01:00,25.480028280374494
2025-12-07 02:00,25.87320833187666
2025-12-07 03:00,21.243673234855372
2025-12-07 04:00,25.12871758797525
2025-12-07 05:00,27.151552054898005
2025-12-07 06:00,21.788234299524635
2025-12-07 07:00,17.245008658038465
2025-12-07 08:00,30.828808954047172
2025-12-07 09:00,12.962409045826222
2025-12-07 10:00,15.277705939365836
2025-12-07 11:00,18.68107376096637
2025-12-07 12:00,18.352023366390714
2025-12-07 13:00,21.304694217722666
2025-12-07 14:00,30.461403294279865
2025-12-07 15:00,30.86641615841241
2025-12-07 16:00,30.26172702044712
2025-12-07 17:00,16.38031272987564
2025-12-07 18:00,15.656487822651407
2025-12-07 19:00,20.671333394768187
2025-12-07 20:00,30.098584516805282
2025-12-07 21:00,43.20683865876428
2025-12-07 22:00,35.20307893391156
2025-12-07 23:00,42.011934660524716
2025-12-08 00:00,45.523396912666236
2025-12-08 01:00,51.33128038922349
2025-12-08 02:00,49.12146460627126
2025-12-08 03:00,46.13835424610737
2025-12-08 04:00,46.673598311469036
2025-12-08 05:00,45.528564314972854
2025-12-08 06:00,30.592552072796334
2025-12-08 07:00,48.06785434012993
2025-12-08 08:00,29.3874968274555
2025-12-08 09:00,28.926710921662
2025-12-08 10:00,45.80086825554693
2025-12-08 11:00,47.070867188727405
2025-12-08 12:00,44.50292185230212
2025-12-08 13:00,41.87781177999815
2025-12-08 14:00,41.13039807013668
2025-12-08 15:00,38.9901030311683
2025-12-08 16:00,37.02182098013746
2025-12-08 17:00,21.12734438269072
2025-12-08 18:00,19.28989730669583
2025-12-08 19:00,21.496707780022238
2025-12-08 20:00,21.594001819891748
2025-12-08 21:00,6.907017567546938
2025-12-08 22:00,4.045428054726943
2025-12-08 23:00,2.076737626240237
2025-12-09 00:00,3.287656513414738
2025-12-09 01:00,2.8236696453943058
2025-12-09 02:00,2.5222073633940063
2025-12-09 03:00,5.1128029370541315
2025-12-09 04:00,2.6101630511177514
2025-12-09 05:00,2.371701131987676
2025-12-09 06:00,2.872005293597235
2025-12-09 07:00,4.9917845258495275
2025-12-09 08:00,3.1430618774793464
2025-12-09 09:00,1.3953517565964482
2025-12-09 10:00,3.030599312231507
2025-12-09 11:00,3.12087076706682
2025-12-09 12:00,3.0137213810964507
2025-12-09 13:00,4.063156078415126
2025-12-09 14:00,3.508111499570794
2025-12-09 15:00,7.784332905825172
2025-12-09 16:00,5.244126324228313
2025-12-09 17:00,3.8096248667353203
2025-12-09 18:00,3.541515147883899
2025-12-09 19:00,3.892613580559442
2025-12-09 20:00,2.129853669560101
2025-12-09 21:00,2.0508869101751084
2025-12-09 22:00,2.3896727168761562
2025-12-09 23:00,3.5621383451447
2025-12-10 00:00,3.500325257806754
2025-12-10 01:00,4.481657662722168
2025-12-10 02:00,3.193403744141055
2025-12-10 03:00,2.857267294709162
2025-12-10 04:00,1.627002704498935
2025-12-10 05:00,1.90679131771411
2025-12-10 06:00,3.100162247040858
2025-12-10 07:00,3.3682960988611437
2025-12-10 08:00,2.2966409304215833
2025-12-10 09:00,2.131943130772376
2025-12-10 10:00,1.7569829257921088
2025-12-10 11:00,3.8479074089169565
2025-12-10 12:00,3.664591503927787
2025-12-10 13:00,4.749427377966754
2025-12-10 14:00,7.359138588515913
2025-12-10 15:00,7.685149359681411
2025-12-10 16:00,7.288443725643922
2025-12-10 17:00,7.305426318931006
2025-12-10 18:00,7.902053030605882
2025-12-10 19:00,7.394364957239503
2025-12-10 20:00,7.220549908070579
2025-12-10 21:00,7.393184264978167
2025-12-10 22:00,8.459033783546769
2025-12-10 23:00,7.456405460228
2025-12-11 00:00,23.17655223267625
2025-12-11 01:00,17.899344124549774
2025-12-11 02:00,13.144742635985404
2025-12-11 03:00,21.14582944177368
2025-12-11 04:00,30.93836377975716
2025-12-11 05:00,31.55749061706231
2025-12-11 06:00,23.92093427266644
2025-12-11 07:00,35.598346035917075
2025-12-11 08:00,24.597018304726863
2025-12-11 09:00,26.9554718322868
2025-12-11 10:00,34.42179114622571
2025-12-11 11:00,54.60394818126476
2025-12-11 12:00,52.50074006075045
2025-12-11 13:00,57.610662620657024
2025-12-11 14:00,55.973235888855
2025-12-11 15:00,53.99740719121496
2025-12-11 16:00,53.26564570338278
2025-12-11 17:00,50.884748407253
2025-12-11 18:00,52.16750385334338
2025-12-11 19:00,54.392712767658445
2025-12-11 20:00,55.55585772171002
2025-12-11 21:00,57.01346047426499
2025-12-11 22:00,58.57673650836506
2025-12-11 23:00,54.907035920740405
2025-12-12 00:00,37.17060694600824
2025-12-12 01:00,33.45177286058022
2025-12-12 02:00,40.903218838764985
2025-12-12 03:00,42.35115644668786
2025-12-12 04:00,25.37156995928051
2025-12-12 05:00,14.805943596243102
2025-12-12 06:00,31.399960928396368
2025-12-12 07:00,26.665589639629488
2025-12-12 08:00,18.986369535903492
2025-12-12 09:00,12.403294865822282
2025-12-12 10:00,12.278312246068374
2025-12-12 11:00,7.911856372316759
2025-12-12 12:00,3.414735064223476
2025-12-12 13:00,4.844802674670404
2025-12-12 14:00,2.128118036393843
2025-12-12 15:00,2.3440382545833356
2025-12-12 16:00,1.8269298271928225
2025-12-12 17:00,2.4569433611391522
2025-12-12 18:00,2.6468120851533
2025-12-12 19:00,2.048442107477136
2025-12-12 20:00,2.8667069319212066
2025-12-12 21:00,3.1238448014285454
2025-12-12 22:00,3.822419143456727
2025-12-12 23:00,4.58044422408434
2025-12-13 00:00,4.540626083343655
2025-12-13 01:00,6.769820126954635
2025-12-13 02:00,15.16694449607252
2025-12-13 03:00,12.457315502362347
2025-12-13 04:00,14.743900990284894
2025-12-13 05:00,10.09282588640208
2025-12-13 06:00,14.746845729681935
2025-12-13 07:00,17.68939852338125
2025-12-13 08:00,14.763086365244215
2025-12-13 09:00,9.321602180914663
2025-12-13 10:00,15.075792984485926
2025-12-13 11:00,15.247156650296594
2025-12-13 12:00,13.041137864641447
2025-12-13 13:00,18.731098749166694
2025-12-13 14:00,14.303217676558114
2025-12-13 15:00,23.087506879664403
2025-12-13 16:00,23.91552403561203
2025-12-13 17:00,25.893951915081956
2025-12-13 18:00,40.828803250586276
2025-12-13 19:00,36.785847857602235
2025-12-13 20:00,41.18069809332965
2025-12-13 21:00,27.94947816518633
2025-12-13 22:00,22.24962389825647
2025-12-13 23:00,26.0665811067325
2025-12-14 00:00,29.527872528252065
2025-12-14 01:00,26.528442545116988
2025-12-14 02:00,30.61945045302748
2025-12-14 03:00,48.64544962032658
2025-12-14 04:00,43.795794129559575
2025-12-14 05:00,28.810609555228933
2025-12-14 06:00,17.52579790556002
2025-12-14 07:00,27.605279218954603
2025-12-14 08:00,29.392115954994715
2025-12-14 09:00,45.85950603004795
2025-12-14 10:00,52.37343993522006
2025-12-14 11:00,51.233453510849536
2025-12-14 12:00,55.88877566038661
2025-12-14 13:00,49.6564487481745
2025-12-14 14:00,46.39243399365814
2025-12-14 15:00,48.31707296379664
2025-12-14 16:00,48.739494624490334
2025-12-14 17:00,31.90692084586564
2025-12-14 18:00,38.231048624296506
2025-12-14 19:00,45.35622058998625
2025-12-14 20:00,43.025931407249175
2025-12-14 21:00,13.301210072955115
2025-12-14 22:00,12.631645515187639
2025-12-14 23:00,29.119956826795757
2025-12-15 00:00,20.688951836981442
2025-12-15 01:00,22.93982194226938
2025-12-15 02:00,26.214972364090677
2025-12-15 03:00,23.22002039389502
2025-12-15 04:00,26.338408261170624
2025-12-15 05:00,27.12123977053968
2025-12-15 06:00,22.38397936612583
2025-12-15 07:00,18.29037525970375
2025-12-15 08:00,15.95943702198677
2025-12-15 09:00,9.789837431523946
2025-12-15 10:00,10.010533371297118
2025-12-15 11:00,4.886250164444201
2025-12-15 12:00,4.943161870564234
2025-12-15 13:00,6.344838456649779
2025-12-15 14:00,5.733788592444576
2025-12-15 15:00,5.742021299920944
2025-12-15 16:00,6.71354000561876
2025-12-15 17:00,5.867480512834247
2025-12-15 18:00,6.73389286428
2025-12-15 19:00,7.041058361253601
2025-12-15 20:00,6.811472449476485
2025-12-15 21:00,28.090463796932013
2025-12-15 22:00,35.592151568904576
2025-12-15 23:00,43.85391720679915
2025-12-16 00:00,18.90055373757872
2025-12-16 01:00,18.722446472828164
2025-12-16 02:00,32.426161289126
2025-12-16 03:00,12.538310299733368
2025-12-16 04:00,24.968857607985647
2025-12-16 05:00,32.22176629534997
2025-12-16 06:00,8.353722117422512
2025-12-16 07:00,20.4868591378575
2025-12-16 08:00,15.651506611705392
2025-12-16 09:00,41.25822520918889
2025-12-16 10:00,16.90922156480486
2025-12-16 11:00,14.289854398278088
2025-12-16 12:00,25.172008670183633
2025-12-16 13:00,30.408522077987246
2025-12-16 14:00,14.26110563180128
2025-12-16 15:00,11.068344675565418
2025-12-16 16:00,10.54604565019658
2025-12-16 17:00,10.836224549853112
2025-12-16 18:00,13.513376305868093
2025-12-16 19:00,14.57418739273282
2025-12-16 20:00,15.080843132354044
2025-12-16 21:00,19.125451100059585
2025-12-16 22:00,19.261946719400726
2025-12-16 23:00,17.214336532721813
2025-12-17 00:00,10.4370541480015
2025-12-17 01:00,11.634617618775806
2025-12-17 02:00,19.606530540057534
2025-12-17 03:00,18.607334299210752
2025-12-17 04:00,22.53721228791636
2025-12-17 05:00,24.546429885006162
2025-12-17 06:00,24.3202132818037
2025-12-17 07:00,21.399450820928124
2025-12-17 08:00,17.006202046267582
2025-12-17 09:00,28.595192240272276
2025-12-17 10:00,28.881694505070953
2025-12-17 11:00,42.07025548574255
2025-12-17 12:00,44.40526907917582
2025-12-17 13:00,37.94962658210073
2025-12-17 14:00,40.18901898207941
2025-12-17 15:00,39.023282048230705
2025-12-17 16:00,36.92585179927719
2025-12-17 17:00,33.52049368276087
2025-12-17 18:00,28.005004376048063
2025-12-17 19:00,25.06266136805134
2025-12-17 20:00,18.009861960696345
2025-12-17 21:00,13.007571993362248
2025-12-17 22:00,8.745195348727457
2025-12-17 23:00,8.86235192672297
2025-12-18 00:00,8.273812533381193
2025-12-18 01:00,7.938547416981448
2025-12-18 02:00,8.29036288303527
2025-12-18 03:00,8.427469393353704
2025-12-18 04:00,5.912046591638119
2025-12-18 05:00,5.779595516939505
2025-12-18 06:00,5.866260749075342
2025-12-18 07:00,3.882953589399961
2025-12-18 08:00,3.6101347507220374
2025-12-18 09:00,2.219963958952342
2025-12-18 10:00,1.828339122244042
2025-12-18 11:00,2.340325115661715
2025-12-18 12:00,8.959612548395413
2025-12-18 13:00,9.1608357666566
2025-12-18 14:00,10.266747837194588
2025-12-18 15:00,7.220103480142391
2025-12-18 16:00,7.06887809514992
2025-12-18 17:00,7.030938024538378
2025-12-18 18:00,9.287861788176407
2025-12-18 19:00,7.837303014627449
2025-12-18 20:00,8.368666117134689
2025-12-18 21:00,7.255719043357212
2025-12-18 22:00,10.04000115159577
2025-12-18 23:00,10.186787988709446
2025-12-19 00:00,7.070533122791622
2025-12-19 01:00,6.516463710242156
2025-12-19 02:00,6.195543023181542
2025-12-19 03:00,5.960022011213894
2025-12-19 04:00,7.4287514048881675
2025-12-19 05:00,6.19300307890685
2025-12-19 06:00,13.483025625854756
2025-12-19 07:00,10.99191263396402
2025-12-19 08:00,10.530002582251582
2025-12-19 09:00,8.104354612120865
2025-12-19 10:00,8.320567503040245
2025-12-19 11:00,10.364963411013267
2025-12-19 12:00,9.124196252956514
2025-12-19 13:00,9.695676509430083
2025-12-19 14:00,6.504678922406481
2025-12-19 15:00,9.746468416202434
2025-12-19 16:00,6.742959720370229
2025-12-19 17:00,10.291344612708347
2025-12-19 18:00,10.201337127134467
2025-12-19 19:00,13.91715020449715
2025-12-19 20:00,15.189373554686126
2025-12-19 21:00,15.380338864499729
2025-12-19 22:00,19.710033433768977
2025-12-19 23:00,22.450667329484748
2025-12-20 00:00,20.230815653837556
2025-12-20 01:00,18.502138103110706
2025-12-20 02:00,19.07454503450635
2025-12-20 03:00,29.481233496471916
2025-12-20 04:00,34.702304327026226
2025-12-20 05:00,43.50149010890831
2025-12-20 06:00,27.60570730972054
2025-12-20 07:00,45.209301561969326
2025-12-20 08:00,44.802124932332354
2025-12-20 09:00,25.1693704309754
2025-12-20 10:00,11.186273367144821
2025-12-20 11:00,18.18802375675225
2025-12-20 12:00,16.06398683323188
2025-12-20 13:00,18.223339154395955
2025-12-20 14:00,24.03611683226499
2025-12-20 15:00,25.631071941438176
2025-12-20 16:00,30.04281348594038
2025-12-20 17:00,26.443654563292068
2025-12-20 18:00,45.860959525459236
2025-12-20 19:00,49.77476238012898
2025-12-20 20:00,39.32330129569364
2025-12-20 21:00,27.541282678784295
2025-12-20 22:00,41.694559600260455
2025-12-20 23:00,52.76014822496685
2025-12-21 00:00,47.197934135446175
2025-12-21 01:00,43.32165469077696
2025-12-21 02:00,42.8900323562138
2025-12-21 03:00,49.13842163717311
2025-12-21 04:00,50.35948840490262
2025-12-21 05:00,53.18545859694089
2025-12-21 06:00,45.73902866198692
2025-12-21 07:00,49.95385333406043
2025-12-21 08:00,46.212383819197264
2025-12-21 09:00,43.494515324299314
2025-12-21 10:00,41.62985556095284
2025-12-21 11:00,43.50196266789788
2025-12-21 12:00,47.455472314959984
2025-12-21 13:00,50.70147571472747
2025-12-21 14:00,50.67574802425295
2025-12-21 15:00,45.59911188054496
2025-12-21 16:00,39.88148226219458
2025-12-21 17:00,40.75286251270946
2025-12-21 18:00,46.317276316571814
2025-12-21 19:00,40.596274215743584
2025-12-21 20:00,37.33003338465404
2025-12-21 21:00,25.704143713319446
2025-12-21 22:00,25.15883947048924
2025-12-21 23:00,27.57095744649742
2025-12-22 00:00,38.81651162889814
2025-12-22 01:00,31.005865294699543
2025-12-22 02:00,18.56156367289529
2025-12-22 03:00,18.481346057964032
2025-12-22 04:00,20.405868228817514
2025-12-22 05:00,26.034689535796222
2025-12-22 06:00,29.30057401233937
2025-12-22 07:00,24.703641665483634
2025-12-22 08:00,20.34915195245642
2025-12-22 09:00,25.748804812486778
2025-12-22 10:00,13.9312558359336
2025-12-22 11:00,11.015437140584663
2025-12-22 12:00,10.214275175417065
2025-12-22 13:00,3.2348139173336694
2025-12-22 14:00,5.062094794373493
2025-12-22 15:00,3.2964444682739007
2025-12-22 16:00,4.036833864941387
2025-12-22 17:00,2.196712082207978
2025-12-22 18:00,6.366792017884477
2025-12-22 19:00,6.2140364782126305
2025-12-22 20:00,6.584465326378446
2025-12-22 21:00,1.957958952529661
2025-12-22 22:00,2.1346443754547337
2025-12-22 23:00,1.0322836822433785
2025-12-23 00:00,3.023443011527909
2025-12-23 01:00,3.728987538533125
2025-12-23 02:00,3.2376203916446893
2025-12-23 03:00,1.7565649966451258
2025-12-23 04:00,5.253296749040516
2025-12-23 05:00,8.691048189297554
2025-12-23 06:00,9.561989273990099
2025-12-23 07:00,9.355846502186434
2025-12-23 08:00,9.483746043215675
2025-12-23 09:00,7.100906710400947
2025-12-23 10:00,9.100648983522753
2025-12-23 11:00,10.372241792517126
2025-12-23 12:00,10.85786797440439
2025-12-23 13:00,10.917054143312122
2025-12-23 14:00,9.505583925242275
2025-12-23 15:00,13.221060007532705
2025-12-23 16:00,11.239551215762347
2025-12-23 17:00,29.280906025984685
2025-12-23 18:00,13.229032987565713
2025-12-23 19:00,16.048591443334494
2025-12-23 20:00,31.646895183106874
2025-12-23 21:00,31.428410291737833
2025-12-23 22:00,30.062415598054418
2025-12-23 23:00,27.09746737269164
2025-12-24 00:00,32.27392535196215
2025-12-24 01:00,31.8355287962629
2025-12-24 02:00,33.3419690520834
2025-12-24 03:00,39.37316720615305
2025-12-24 04:00,37.66332239714362
2025-12-24 05:00,42.72068232607576
2025-12-24 06:00,44.90756332413126
2025-12-24 07:00,43.45331465003835
2025-12-24 08:00,50.763993785402995
2025-12-24 09:00,40.70230395055001
2025-12-24 10:00,39.30777612473839
2025-12-24 11:00,42.694396830623134
2025-12-24 12:00,42.70119739761244
2025-12-24 13:00,37.994483421927555
2025-12-24 14:00,41.84125192479031
2025-12-24 15:00,43.99871840398772
2025-12-24 16:00,46.91831707960004
2025-12-24 17:00,45.73029238578615
2025-12-24 18:00,42.6502077280403
2025-12-24 19:00,48.48972506838599
2025-12-24 20:00,38.618581562266726
2025-12-24 21:00,34.315499912042945
2025-12-24 22:00,30.465105597515826
2025-12-24 23:00,32.05649307787024
2025-12-25 00:00,44.66685288804626
2025-12-25 01:00,35.95077713831687
2025-12-25 02:00,35.23407770116404
2025-12-25 03:00,42.288203218185295
2025-12-25 04:00,44.49076669736276
2025-12-25 05:00,47.55064507767847
2025-12-25 06:00,45.05307795874462
2025-12-25 07:00,49.35211814980466
2025-12-25 08:00,52.25810816448774
2025-12-25 09:00,47.83638588707886
2025-12-25 10:00,49.2890719815639
2025-12-25 11:00,52.06576921188347
2025-12-25 12:00,53.907127764542
2025-12-25 13:00,53.96857641286685
2025-12-25 14:00,52.128952158807536
2025-12-25 15:00,50.9873094798663
2025-12-25 16:00,51.90858997936881
2025-12-25 17:00,55.67450167890678
2025-12-25 18:00,56.8900783898605
2025-12-25 19:00,56.72841596419729
2025-12-25 20:00,61.10530419215716
2025-12-25 21:00,61.366780303241754
2025-12-25 22:00,61.9440293797104
2025-12-25 23:00,61.04574663985271
2025-12-26 00:00,59.09255340492031
2025-12-26 01:00,58.302666824212885
2025-12-26 02:00,57.62217746825457
2025-12-26 03:00,58.44742412009887
2025-12-26 04:00,57.09811513746682
2025-12-26 05:00,56.595916993256786
2025-12-26 06:00,56.133129109373066
2025-12-26 07:00,56.21284411536269
2025-12-26 08:00,57.10458586916931
2025-12-26 09:00,54.70578276462118
2025-12-26 10:00,53.798531040369845
2025-12-26 11:00,51.17082824851754
2025-12-26 12:00,51.82387726927098
2025-12-26 13:00,50.90258386011325
2025-12-26 14:00,50.06990570255161
2025-12-26 15:00,44.903357869020155
2025-12-26 16:00,44.79280325658115
2025-12-26 17:00,47.56585375837024
2025-12-26 18:00,51.55232089341549
2025-12-26 19:00,39.67319692182238
2025-12-26 20:00,31.512810015886632
2025-12-26 21:00,15.310154756700726
2025-12-26 22:00,9.759856628454367
2025-12-26 23:00,6.673878691570564
2025-12-27 00:00,11.451798299385592
2025-12-27 01:00,12.546776111490388
2025-12-27 02:00,6.362877436626491
2025-12-27 03:00,5.46768456326784
2025-12-27 04:00,3.1662236989713883
2025-12-27 05:00,6.234569041524984
2025-12-27 06:00,5.674766449722473
2025-12-27 07:00,3.394276543873092
2025-12-27 08:00,4.5025881530444325
2025-12-27 09:00,0.8126509479994163
2025-12-27 10:00,13.095437480226602
2025-12-27 11:00,3.758456602685475
2025-12-27 12:00,2.9770727143281484
2025-12-27 13:00,4.432524655950557
2025-12-27 14:00,5.077101317219859
2025-12-27 15:00,5.266052311600248
2025-12-27 16:00,5.464609184881569
2025-12-27 17:00,7.088526036179792
2025-12-27 18:00,7.536473947032962
2025-12-27 19:00,5.932769831773273
2025-12-27 20:00,11.234216840103219
2025-12-27 21:00,24.489010635108517
2025-12-27 22:00,22.329918592447708
2025-12-27 23:00,18.554062099280674
2025-12-28 00:00,27.53800112908899
2025-12-28 01:00,24.196647103157762
2025-12-28 02:00,16.462550123793697
2025-12-28 03:00,19.36799514026303
2025-12-28 04:00,14.836157577778483
2025-12-28 05:00,12.885198607970256
2025-12-28 06:00,11.329532606607714
2025-12-28 07:00,11.251845609316584
2025-12-28 08:00,13.64372735438975
2025-12-28 09:00,18.427224766157433
2025-12-28 10:00,15.550407727220042
2025-12-28 11:00,12.57511369181604
2025-12-28 12:00,10.450215601061066
2025-12-28 13:00,14.829930191092576
2025-12-28 14:00,13.486884284166486
2025-12-28 15:00,13.448205828488458
2025-12-28 16:00,15.711063460233959
2025-12-28 17:00,14.500997652911558
2025-12-28 18:00,15.01641533765097
2025-12-28 19:00,27.595078528512563
2025-12-28 20:00,36.550904201583485
2025-12-28 21:00,36.49689506281717
2025-12-28 22:00,34.2425481361396
2025-12-28 23:00,29.019695210601494
2025-12-29 00:00,16.57787829607051
2025-12-29 01:00,23.74905255466098
2025-12-29 02:00,29.920836844859753
2025-12-29 03:00,29.6534114847998
2025-12-29 04:00,35.79367747738555
2025-12-29 05:00,43.5064131235801
2025-12-29 06:00,39.71104269440444
2025-12-29 07:00,37.61770483825389
2025-12-29 08:00,31.055147118083912
2025-12-29 09:00,27.498344751892585
2025-12-29 10:00,21.131162435785942
2025-12-29 11:00,34.70884069791509
2025-12-29 12:00,31.54993753185661
2025-12-29 13:00,33.485093038799285
2025-12-29 14:00,35.94411790170144
2025-12-29 15:00,40.59272706836439
2025-12-29 16:00,38.59024542092019
2025-12-29 17:00,30.05776954535625
2025-12-29 18:00,28.715414120532344
2025-12-29 19:00,37.44586751967441
2025-12-29 20:00,40.56039577453602
2025-12-29 21:00,30.66246174931175
2025-12-29 22:00,22.63325216745512
2025-12-29 23:00,22.623510078664133
2025-12-30 00:00,31.17963322137972
2025-12-30 01:00,33.776287704513116
2025-12-30 02:00,23.89875190364348
2025-12-30 03:00,20.46800055845463
2025-12-30 04:00,30.549443874129526
2025-12-30 05:00,33.26581795648454
2025-12-30 06:00,34.68894497985945
2025-12-30 07:00,34.50450961748119
2025-12-30 08:00,25.682939894015103
2025-12-30 09:00,28.1497707151268
2025-12-30 10:00,23.477953735866265
2025-12-30 11:00,25.89471879644225
2025-12-30 12:00,33.370528634940726
2025-12-30 13:00,33.09369006515163
2025-12-30 14:00,25.98325210793457
2025-12-30 15:00,36.43863894061047
2025-12-30 16:00,36.72889388715335
2025-12-30 17:00,26.28215220512976
2025-12-30 18:00,22.993458655557497
2025-12-30 19:00,27.037345721820824
2025-12-30 20:00,17.451226717758672
2025-12-30 21:00,5.173693749905718
2025-12-30 22:00,3.486612832973922
2025-12-30 23:00,3.1765311749505933
2025-12-31 00:00,11.758689199512274
2025-12-31 01:00,11.531575977624204
2025-12-31 02:00,27.232505307641862
2025-12-31 03:00,38.84761900556778
2025-12-31 04:00,30.607933992963126
2025-12-31 05:00,25.60877852296619
2025-12-31 06:00,41.20864551014822
2025-12-31 07:00,55.45130768230192
2025-12-31 08:00,55.46499185429921
2025-12-31 09:00,57.33310797474983
2025-12-31 10:00,55.33848708377043
2025-12-31 11:00,49.542628326422644
2025-12-31 12:00,51.98429771454214
2025-12-31 13:00,46.9111631139433
2025-12-31 14:00,45.91005488127346
2025-12-31 15:00,50.182040890753704
2025-12-31 16:00,45.212501191786714
2025-12-31 17:00,48.457573578901446
2025-12-31 18:00,50.6029826172754
2025-12-31 19:00,45.45517699479781
2025-12-31 20:00,51.95918028175976
2025-12-31 21:00,44.552248937641366
2025-12-31 22:00,43.24173480638595
2025-12-31 23:00,44.52228027753211
